Verfasser;GNDVerfasser;Einheitstitel;Alternativtitel;VD16;SammelwerkVerfasser;GNDSammelwerkVerfasser;TitelSammelwerkVerfasser;SammelwerkVerfasser1;GNDSammelwerkVerfasser1;TitelSammelwerkVerfasser1;VD16SammelwerkVerfasser1;SammelwerkVerfasser2;GNDSammelwerkVerfasser2;TitelSammelwerkVerfasser2;VD16SammelwerkVerfasser2;SammelwerkVerfasser3;GNDSammelwerkVerfasser3;TitelSammelwerkVerfasser3;VD16SammelwerkVerfasser3;SammelwerkVerfasser4;GNDSammelwerkVerfasser4;TitelSammelwerkVerfasser4;VD16SammelwerkVerfasser4;SammelwerkVerfasser5;GNDSammelwerkVerfasser5;TitelSammelwerkVerfasser5;VD16SammelwerkVerfasser5;SammelwerkVerfasser6;GNDSammelwerkVerfasser6;TitelSammelwerkVerfasser6;VD16SammelwerkVerfasser6;SammelwerkVerfasser7;GNDSammelwerkVerfasser7;TitelSammelwerkVerfasser7;VD16SammelwerkVerfasser7;SammelwerkBeiträger1;GNDSammelwerkBeiträger1;SammelwerkBeiträger2;GNDSammelwerkBeiträger2;SammelwerkBeiträger3;GNDSammelwerkBeiträger3;GWSammelwerk;ISTCSammelwerk;BSBINKSammelwerk;VD16Sammelwerk;USTCSammelwerk;Literatur;Druckdatum;Druckort;Drucker1;Gnddrucker1;Drucker2;Gnddrucker2;Drucker3;Gnddrucker3;Umfang;Format;Sprache;Anmerkung;USTCSubject;Enstehungzeitraum;Reproduktion1_ID;Reproduktion1_Land;Reproduktion1_Stadt;Reproduktion1_Insitution;Reproduktion1_Signatur;Reproduktion1_erstellt;Reproduktion1_geändert;Reproduktion2_ID;Reproduktion2_Land;Reproduktion2_Stadt;Reproduktion2_Insitution;Reproduktion2_Signatur;Reproduktion2_erstellt;Reproduktion2_geändert;Reproduktion3_ID;Reproduktion3_Land;Reproduktion3_Stadt;Reproduktion3_Insitution;Reproduktion3_Signatur;Reproduktion3_erstellt;Reproduktion3_geändert
Konrad Celtis;118519891;De origine, situ, moribus et institutis Norinbergae.;NA;C 1909;Konrad Celtis;118519891;Conradi celtis protucii primi inter Germanos imperatoriis manibus poete laureati quatu or libri amorum secundum quatuor latera Germanie feliciter incipiunt;Konrad Celtis;118519891;Germania generalis;C 1901;Konrad Celtis;118519891;Hymnus sapphicus in vitam sancti Sebaldi.;C 1904;Konrad Celtis;118519891;Ludus Dianae.;C 1908;Vincentius Longinus;4350350;Panegyricus.;L 2389;NA;NA;NA;NA;NA;NA;NA;NA;NA;NA;NA;NA;Sebald Schreyer (Herausgeber?);119113643;NA;NA;NA;NA;NA;NA;NA;C 1911;624821;VL-Hum I (2008) 375-427. Schreckenberg III (1994) 579-580;1502-00-00;Nürnberg;Sodalitas Celtica;6146018-7;NA;NA;NA;NA;ff. lxxiii (49);4°;Latein;Sammelwerk, darin Celtis, Konrad: De origine, situ, moribus et institutis Norinberga. Schreckenberg III, 579, gibt 1495 als Entstehungs- und Ersterscheinungsdatum an, doch weder noch ISTC kennen diese Druckausgabe. VD16: *Enth. Werke: 1. enth. Werk: Celtis, Konrad: Germania generalis. (VD16 C 1901) 2. enth. Werk: Celtis, Konrad: Hymnus sapphicus in vitam sancti Sebaldi. (VD16 C 1904) 3. enth. Werk: Celtis, Konrad: Ludus Dianae. (VD16 C 1908) 4. enth. Werk: Celtis, Konrad: De origine, situ, moribus et institutis Norinbergae. (VD16 C 1909) 5. enth. Werk: Longinus, Vincentius: Panegyricus. (VD16 L 2389) https://www.geschichtsquellen.de/werk/957;NA;1495-00-00;urn:nbn:de:bvb:12-bsb00007499-6;Deutschland;München;Bayerische Staatsbibliothek (BSB);Rar. 446;25.05.2007;29.03.2012;urn:nbn:de:urmel-bf314811-c90c-436d-a584-4973f08b2a798;Deutschland;Jena;Universitätsbibliothek (UB);4 Art.lib.IX,7;06.05.2013;01.04.2021;NA;NA;NA;NA;NA;NA;NA
Konrad Celtis;118519891;De origine, situ, moribus et institutis Norinbergae.;Urbis Norinbergae descriptio;C 1910;NA;NA;NA;NA;NA;NA;NA;Franciscus Irenicus;119193426;Oratio protreptica in amorem Germaniae.;F 2818;Willibald Pirckheimer (Herausgeber?);118594605;NA;NA;NA;NA;NA;NA;NA;NA;NA;NA;NA;NA;NA;NA;NA;NA;NA;NA;NA;NA;NA;NA;NA;NA;NA;NA;NA;F 2815;659621;VL-Hum I (2008) 375-427. Schreckenberg III (1994) 579-580;1518-00-00;Hagenau;Thomas Anshelm;123978386;Johann Koberger;118698451;NA;NA;ff. (6) CCXXI(=231) (29);2°;Latein;Sammelwerk. Imprent: typis ac formulis Thomas Anshelm, Nürnberg, sumptibus Johann Koberger;Reise;1495-00-00;urn:nbn:de:bvb:12-bsb10143284-2;Deutschland;München;Bayerische Staatsbibliothek (BSB);2 Germ.g. 57;08.05.2013;02.10.2020;urn:nbn:de:bvb:12-bsb10140954-4;Deutschland;München;Bayerische Staatsbibliothek (BSB);2 A.lat.b. 712#Beibd.1;06.05.2013;01.04.2021;urn:nbn:de:urmel-b5f19a7d-1ad6-4b08-aabb-d73a005f75c36-00001721-0114;Deutschland;Jena;Thüringer Universitäts- und Landesbibliothek, UrMEL;2 Germ.I,3(1);26.08.2011;NA
Henricus de Hassia;118548395;De contractibus (i.e. Tractatus contra Iudaeos);De contractibus;NA;Johannes Gerson;118557866;Contra sectam Mahumeticam, non indignus scitu libellus. Cuiusdam diu captivi Turcorum provinciae septemcastrensis, de vita et moribus eorundem alius non minus necessarius libellus. libellus de vita et moribus Judaeorum;NA;NA;NA;NA;Henricus de Hoyta;100945708;De contractibus;NA;Nicolaus Oresme;118734946;De moneta;NA;NA;NA;NA;NA;NA;NA;NA;NA;NA;NA;NA;NA;NA;NA;NA;NA;NA;NA;NA;NA;NA;NA;10713;ig00185000;G-182;NA;745204;VL II (1936) 292-296. VL III (2-1981) 763-773. VL XI (2-2004) 632 (Nachtrag). https://www.hs-augsburg.de/~harsch/Chronologia/Lspost14/HenricusHassia/hen_tcp1.html. Zu Heinrich von Langenstein und zum Kontext des Traktats vgl. einführend: Hohmann, Thomas / Georg Kreuzer: «Heinrich von Langenstein». In: Die deutsche Literatur des Mittelalters: Verfasserlexikon, hg. von Kurt Ruh u a., Bd. 3, Berlin und New York 1981, Sp. 763–773. Knapp, Fritz Peter: Die Literatur des Spätmittelalters in den Ländern Österreich, Steiermark, Kärnten, Salzburg und Tirol von 1273 bis 1439. 2 Bde., Graz 1999 (Geschichte der Literatur in Österreich von den Anfängen bis zur Gegenwart 2), S. 106–132. Trusen, Winfried: Spätmittelalterliche Jurisprudenz und Wirtschafts­ethik, dargestellt an Wiener Gutachten des 14. Jahrhunderts, Wiesbaden 1961 (Vierteljahrschrift für Sozial- und Wirtschaftsgeschichte, Beiheft 43).;1483-00-00--1484-00-00;Köln;Johann Koelhoff d.Ä.;102507554;NA;NA;NA;NA;ff. 388;2°;Latein;Sammelwerk. Tractatus bipartitus de contractibus, Kapitel 24-31 überliefert als *Tractatus contra Iudaeos*, hier Bd. 4, Bl. 185-224 (A1-I6). https://www.geschichtsquellen.de/autor/2714. ISTC gibt an: *Henricus de Hassia: De contractibus. Henricus de Hoyta: De contractibus. Nicolaus Oresme: De moneta*;Religious;1392-00-00--1393-00-00, zwischen;urn:nbn:at:at-ubw-10757.56499.901554-9;Österreich;Wien;Universitätsbibliothek (UB);ES II-138180/4;14.11.2012;03.03.2017;http://hdl.handle.net/2268.1/2332;Belgien;Lüttich;Universitätsbibliothek (UB);Polen (B) 1589;NA;NA;urn:nbn:de:hbz:061:1-100517;Deutschland;Düsseldorf;Universitäts- und Landesbibliothek;MTHUSCH99B:INK,4;2012-00-00;NA
Victor von Carben;119858703;De vita et moribus Judaeorum;NA;NA;Ricoldus da Montecroce;100959431;Contra sectam Mahumeticam, non indignus scitu libellus. Cuiusdam diu captivi Turcorum provinciae septemcastrensis, de vita et moribus eorundem alius non minus necessarius libellus. libellus de vita et moribus Judaeorum;Demetrius Cydoneus;118638718;NA;NA;NA;NA;NA;NA;Jacques Lefe?vre d’E?taples (Herausgeber);118682938;NA;NA;NA;NA;NA;NA;NA;NA;NA;NA;NA;NA;NA;NA;NA;NA;NA;NA;NA;NA;NA;NA;NA;NA;NA;NA;NA;NA;180594;Schreckenberg III (1994) 592-595;1511-00-00;Paris;Henricus Stephanus;118981099;NA;NA;NA;NA;ff. 86;4°;Latein;Sammelwerk. USTC führt Verfasser unter *Carben, Victor von* statt wie bei seinen anderen Drucken unter *Karben, Victor von*. Kollation: a-i4/8, k6, l-p4/8. Universität Gent: *Subject: Judaism Controversial literature Early works to 1800*;NA;16. Jh.;part 1: https://books.google.be/books?vid=GENT900000075330. part 2: https://books.google.be/books?vid=GENT900000078200 . part 3: https://books.google.be/books?vid=GENT900000078201;Belgien;Gent;Universität Gent;BIB.TH.000606;03.07.2009;NA;NA;NA;NA;NA;NA;NA;NA;NA;NA;NA;NA;NA;NA;NA
Nicolaus de Lyra;119238683;(1) Contra perfidiam Judaeorum (2) Quaestio de probatione per scripturas a Judaeis receptas;NA;NA;NA;NA;Biblia latina (cum postillis Nicolai de Lyra et expositionibus Guillelmi Britonis in omnes prologos S. Hieronymi et additionibus Pauli Burgensis replicisque Matthiae Doering).;Nicolaus de Lyra (Kommentator);119238683;Postilla.;NA;Paulus de Sancta Maria (Kommentator);119105144;Additiones.;NA;Mathias Döring (Kommentator);100964664;Replik (Defensorium postillae Nicolai de Lyra contra Paulum Burgensem).;NA;Guillaume Le Breton (Kommentator);11884038X;Expositiones prologorum.;NA;NA;NA;NA;NA;NA;NA;NA;NA;NA;NA;NA;NA;Paulus de Mercatello (Herausgeber);103156895;Franciscus Moneliensis;129045136;NA;NA;4286;ib00611000;NA;NA;999283;Schreckenberg III (1994) 382-387. Floerken 22-23;1481-07-31;Venedig;Johann Herbort;129031704;für Johann von Köln;136407978;Nicolas Jenson und Genossen;118917153;ff. (1571);2°;Latein;1. Antijüdische Schrift. Gosselin 24 ? Gosselin 26 , HC 3164. Sammelwerk mit Paulus Burgensis (GND 119105144), Additiones, mit Matthias Doering (GND 100964664), (1) Replik (2) Defensorium postillae Nicolai de Lyracontra Paulum Burgensem, mit (1) Guillaume Breton (2) William Brito ((1) GND 102482799 (2) GND 11884038X), Expositio (vocabulorum bibliae), mit Nicolaus de Lyra (GND 119238683), Postilla.;Religious;1309-00-00;urn:nbn:de:hbz:061:1-219236;Deutschland;Düsseldorf;Universitäts- und Landesbibliothek (ULB);NA;11.03.2013;NA;http://data.onb.ac.at/dtl/491911;Österreich;Wien;Österreichische Nationalbibliotek;Ink 10.D.5;NA;NA;NA;NA;NA;NA;NA;NA;NA
Nicolaus de Lyra;119238683;(1) Contra perfidiam Judaeorum (2) Quaestio de probatione per scripturas a Judaeis receptas;NA;NA;NA;NA;Biblia latina (cum postillis Nicolai de Lyra et expositionibus Guillelmi Britonis in omnes prologos S. Hieronymi et additionibus Pauli Burgensis replicisque Matthiae Doering). Nicolaus de Lyra: Contra perfidiam Judaeorum;Nicolaus de Lyra (Kommentator);119238683;Postilla.;NA;Paulus de Sancta Maria (Kommentator);119105144;Additiones.;NA;Mathias Döring (Kommentator);100964664;Replik (Defensorium postillae Nicolai de Lyra contra Paulum Burgensem).;NA;Guillaume Le Breton (Kommentator);11884038X;Expositiones prologorum.;NA;NA;NA;NA;NA;NA;NA;NA;NA;NA;NA;NA;NA;NA;NA;NA;NA;NA;NA;4287;ib00612000;B-447;NA;999282;Schreckenberg III (1994) 382-387. Floerken 22-23;1482-00-00--1483-00-00;Venedig;Franz Renner;138332290;NA;NA;NA;NA;ff. (1361);2°;Latein;Sammelwerk mit Paulus Burgensis (GND 119105144), Additiones, mit Matthias Doering (GND 100964664), (1) Replik (2) Defensorium postillae Nicolai de Lyracontra Paulum Burgensem, mit (1) Guillaume Breton (2) William Brito ((1) GND 102482799 (2) GND 11884038X), Expositio (vocabulorum bibliae), mit Nicolaus de Lyra (GND 119238683), Postilla. Nicolaus de Lyra: Contra perfidiam Judaeorum, 1. Antijüdische Schrift. Gosselin 35 , HC 3167. Signaturen: a–c8 d–f10 g8 h11 ik10 l8 m–yaa–ll10 mm8 nn–xx10 yy12 A–I10 k8 1–8 10 9. ISTC-Anmerkungen: *In three parts. Parts I and II are undated. Part III is dated 1482, and the Additiones of Paulus Burgensis 1483. The Additiones, although often found with the Bible, are not included in its printed register, and are entered separately by Proctor and BMC.*;Religious;1309-00-00;urn:nbn:de:bvb:12-bsb00076915-4;Deutschland;München;Bayerische Staatsbibliothek (BSB);2 Inc.c.a. 1232 a-3;09.03.2013;24.09.2021;https://digital.onb.ac.at/rep/access/open/1003D248;Österreich;Wien;Österreichische Nationalbibliotek;Ink 10.D.3;NA;NA;NA;NA;NA;NA;NA;NA;NA
Nicolaus de Lyra;119238683;(1) Contra perfidiam Judaeorum (2) Quaestio de probatione per scripturas a Judaeis receptas;NA;NA;NA;NA;Biblia latina (cum postillis Nicolai de Lyra et expositionibus Guillelmi Britonis in omnes prologos S. Hieronymi et additionibus Pauli Burgensis replicisque Matthiae Doering). Nicolaus de Lyra, Contra perfidiam Judaeorum;Nicolaus de Lyra (Kommentator);119238683;Postilla.;NA;Paulus de Sancta Maria (Kommentator);119105144;Additiones.;NA;Mathias Döring (Kommentator);100964664;Replik (Defensorium postillae Nicolai de Lyra contra Paulum Burgensem).;NA;Guillaume Le Breton (Kommentator);11884038X;Expositiones prologorum.;NA;NA;NA;NA;NA;NA;NA;NA;NA;NA;NA;NA;NA;NA;NA;NA;NA;NA;NA;4288;ib00613000;NA;NA;740095;Schreckenberg III (1994) 382-387. Floerken 22-23;1485-00-00;Nürnberg;Anton Koberger;118563890;NA;NA;NA;NA;ff. 468;2°;Latein;1. Antijüdische Schrift. Gosselin 34. Sammelwerk mit Paulus Burgensis (GND 119105144), Additiones, mit Matthias Doering (GND 100964664), (1) Replik (2) Defensorium postillae Nicolai de Lyracontra Paulum Burgensem, mit (1) Guillaume Breton (2) William Brito ((1) GND 102482799 (2) GND 11884038X), Expositio (vocabulorum bibliae), mit Nicolaus de Lyra (GND 119238683), Postilla;Religious;1309-00-00;urn:nbn:de:hbz:061:1-34813;Deutschland;Düsseldorf;Universitäts- und Landesbibliothek (ULB);NA;29.03.2011;11.03.2013;NA;NA;NA;NA;NA;NA;NA;NA;NA;NA;NA;NA;NA;NA
Nicolaus de Lyra;119238683;(1) Contra perfidiam Judaeorum (2) Quaestio de probatione per scripturas a Judaeis receptas;NA;NA;NA;NA;Biblia latina (cum postillis Nicolai de Lyra et expositionibus Guillelmi Britonis in omnes prologos S. Hieronymi et additionibus Pauli Burgensis replicisque Matthiae Doering). Nicolaus de Lyra: Contra perfidiam Judaeorum;Nicolaus de Lyra (Kommentator);119238683;Postilla.;NA;Paulus de Sancta Maria (Kommentator);119105144;Additiones.;NA;Mathias Döring (Kommentator);100964664;Replik (Defensorium postillae Nicolai de Lyra contra Paulum Burgensem).;NA;Guillaume Le Breton (Kommentator);11884038X;Expositiones prologorum.;NA;NA;NA;NA;NA;NA;NA;NA;NA;NA;NA;NA;NA;NA;NA;NA;NA;NA;NA;4289;ib00614000;B-459;NA;740096;Schreckenberg III (1994) 382-387. Floerken 22-23;1486-00-00--1487-00-00;Nürnberg;Anton Koberger;118563890;NA;NA;NA;NA;ff. 468;2°;Latein;1. Antijüdische Schrift. Gosselin 35 , HC 3167. Sammelwerk mit Paulus Burgensis (GND 119105144), Additiones, mit Matthias Doering (GND 100964664), (1) Replik (2) Defensorium postillae Nicolai de Lyracontra Paulum Burgensem, mit (1) Guillaume Breton (2) William Brito ((1) GND 102482799 (2) GND 11884038X), Expositio (vocabulorum bibliae), mit Nicolaus de Lyra (GND 119238683), Postilla;Religious;1309-00-00;urn:nbn:de:bvb:12-bsb00025813-2;Deutschland;München;Bayerische Staatsbibliothek (BSB);2 Inc.c.a. 1882-2;06.08.2008;23.09.2021;NA;NA;NA;NA;NA;NA;NA;NA;NA;NA;NA;NA;NA;NA
Nicolaus de Lyra;119238683;(1) Contra perfidiam Judaeorum (2) Quaestio de probatione per scripturas a Judaeis receptas;NA;NA;NA;NA;Biblia Latina cum postillis et expositionibus in omnes prologos S. Hieronymi et additionibus. Contra perfidiam Judaeorum;Nicolaus de Lyra (Kommentator);119238683;Postilla.;NA;Paulus de Sancta Maria (Kommentator);119105144;Additiones.;NA;Mathias Döring (Kommentator);100964664;Replik (Defensorium postillae Nicolai de Lyra contra Paulum Burgensem).;NA;Guillaume Le Breton (Kommentator);11884038X;Expositiones prologorum.;NA;NA;NA;NA;NA;NA;NA;NA;NA;NA;NA;NA;NA;NA;NA;NA;NA;NA;NA;4290;ib00615000;B-454;NA;202710;Andrew Pettegree, Malcolm Walsby and Alexander Wilkinson, FB: French Vernacular Books, Books published in the French language before 1601, Reference: 57240. Schreckenberg III (1994) 382-387. Floerken 22-23;(1) 1485-05-07, nach (2) 1488-00-00, um (USTC);Lyon;Johannes Siber;138430934;NA;NA;NA;NA;ff. 380;2°;Latein;1. Antijüdische Schrift. Gosselin 27 , HC 3163. Sammelwerk mit Paulus Burgensis (GND 119105144), Additiones, mit Matthias Doering (GND 100964664), (1) Replik (2) Defensorium postillae Nicolai de Lyracontra Paulum Burgensem, mit (1) Guillaume Breton (2) William Brito ((1) GND 102482799 (2) GND 11884038X), Expositio (vocabulorum bibliae), mit Nicolaus de Lyra (GND 119238683), Postilla;Religious;1309-00-00;urn:nbn:de:bvb:12-bsb00071689-9;Deutschland;München;Bayerische Staatsbibliothek (BSB);2 Inc.s.a. 211-4;03.05.2012;24.09.2021;NA;NA;NA;NA;NA;NA;NA;NA;NA;NA;NA;NA;NA;NA
Nicolaus de Lyra;119238683;(1) Contra perfidiam Judaeorum (2) Quaestio de probatione per scripturas a Judaeis receptas;NA;NA;NA;NA;Biblia latina (cum postillis Nicolai de Lyra et expositionibus Guillelmi Britonis in omnes prologos S. Hieronymi et additionibus Pauli Burgensis replicisque Matthiae Doering). Nicolaus de Lyra: Contra perfidiam Judaeorum;Nicolaus de Lyra (Kommentator);119238683;Postilla.;NA;Paulus de Sancta Maria (Kommentator);119105144;Additiones.;NA;Mathias Döring (Kommentator);100964664;Replik (Defensorium postillae Nicolai de Lyra contra Paulum Burgensem).;NA;Guillaume Le Breton (Kommentator);11884038X;Expositiones prologorum.;NA;NA;NA;NA;NA;NA;NA;NA;NA;NA;NA;NA;NA;NA;NA;NA;NA;NA;NA;4291;ib00616000;NA;NA;999281;Schreckenberg III (1994) 382-387. Floerken 22-23;1489-08-08;Venedig;Bonetus Locatellus;1037496906;für Octavianus Scotus;104090030;NA;NA;ff. (1107);2°;Latein;1. Antijüdische Schrift. Gosselin 37 , HC 3168. Sammelwerk mit Paulus Burgensis (GND 119105144), Additiones, mit Matthias Doering (GND 100964664), (1) Replik (2) Defensorium postillae Nicolai de Lyracontra Paulum Burgensem, mit (1) Guillaume Breton (2) William Brito ((1) GND 102482799 (2) GND 11884038X), Expositio (vocabulorum bibliae), mit Nicolaus de Lyra (GND 119238683), Postilla;Religious;1309-00-00;http://data.onb.ac.at/dtl/677502;Österreich;Wien;Österreichische Nationalbibliotek;Ink 6.D.8;NA;NA;urn:nbn:de:bvb:12-bsb00048378-9;Deutschland;München;Bayerische Staatsbibliothek (BSB);2 Inc.c.a. 2288-2;13.07.2010;24.09.2021;NA;NA;NA;NA;NA;NA;NA
Nicolaus de Lyra;119238683;(1) Contra perfidiam Judaeorum (2) Quaestio de probatione per scripturas a Judaeis receptas;NA;NA;NA;NA;Biblia latina (cum postillis Nicolai de Lyra et expositionibus Guillelmi Britonis in omnes prologos S. Hieronymi et additionibus Pauli Burgensis replicisque Matthiae Doering). Nicolaus de Lyra: Contra perfidiam Judaeorum;Nicolaus de Lyra (Kommentator);119238683;Postilla.;NA;Paulus de Sancta Maria (Kommentator);119105144;Additiones.;NA;Mathias Döring (Kommentator);100964664;Replik (Defensorium postillae Nicolai de Lyra contra Paulum Burgensem).;NA;Guillaume Le Breton (Kommentator);11884038X;Expositiones prologorum.;NA;NA;NA;NA;NA;NA;NA;NA;NA;NA;NA;NA;NA;NA;NA;NA;NA;NA;NA;4292;ib00617000;NA;NA;740097;Schreckenberg III (1994) 382-387. Floerken 22-23;1492-00-00;Strassburg;Johann (Reinhard) Grüninger;118698451;NA;NA;NA;NA;ff. 468;2°;Latein;1. Antijüdische Schrift. Gosselin 38 , HC 3169. Sammelwerk mit Paulus Burgensis (GND 119105144), Additiones, mit Matthias Doering (GND 100964664), (1) Replik (2) Defensorium postillae Nicolai de Lyracontra Paulum Burgensem, mit (1) Guillaume Breton (2) William Brito ((1) GND 102482799 (2) GND 11884038X), Expositio (vocabulorum bibliae), mit Nicolaus de Lyra (GND 119238683), Postilla;Religious;1309-00-00;urn:nbn:de:hbz:061:1-147257;Deutschland;Düsseldorf;Universitäts- und Landesbibliothek;NA;27.08.2012;27.08.2012;https://digital.onb.ac.at/rep/access/open/1003CEC7;Österreich;Wien;Österreichische Nationalbibliotek;Ink 20.B.11 ALT;NA;NA;NA;NA;NA;NA;NA;NA;NA
Nicolaus de Lyra;119238683;(1) Contra perfidiam Judaeorum (2) Quaestio de probatione per scripturas a Judaeis receptas;NA;NA;NA;NA;Biblia latina (cum postillis Nicolai de Lyra et expositionibus Guillelmi Britonis in omnes prologos S. Hieronymi et additionibus Pauli Burgensis replicisque Matthiae Doering). Nicolaus de Lyra: Contra perfidiam Judaeorum;Nicolaus de Lyra (Kommentator);119238683;Postilla.;NA;Paulus de Sancta Maria (Kommentator);119105144;Additiones.;NA;Mathias Döring (Kommentator);100964664;Replik (Defensorium postillae Nicolai de Lyra contra Paulum Burgensem).;NA;Guillaume Le Breton (Kommentator);11884038X;Expositiones prologorum.;NA;NA;NA;NA;NA;NA;NA;NA;NA;NA;NA;NA;NA;NA;NA;NA;NA;NA;NA;4293;ib00618000;B-469;NA;740098;Schreckenberg III (1994) 382-387. Floerken 22-23;1493-00-00;Nürnberg;Anton Koberger;118563890;NA;NA;NA;NA;ff. 424;2°;Latein;1. Antijüdische Schrift. Gosselin 39 , HC 3170. Sammelwerk mit Paulus Burgensis (GND 119105144), mit Additiones. Matthias Doering (GND 100964664), (1) Replik (2) Defensorium postillae Nicolai de Lyracontra Paulum Burgensem, mit (1) Guillaume Breton (2) William Brito ((1) GND 102482799 (2) GND 11884038X), Expositio (vocabulorum bibliae), mit Nicolaus de Lyra (GND 119238683), Postilla;Religious;1309-00-00;urn:nbn:de:bvb:12-bsb00025833-2;Deutschland;München;Bayerische Staatsbibliothek (BSB);2 Inc.c.a. 2887 a-2;30.09.2008;23.09.2021;NA;NA;NA;NA;NA;NA;NA;NA;NA;NA;NA;NA;NA;NA
Nicolaus de Lyra;119238683;(1) Contra perfidiam Judaeorum (2) Quaestio de probatione per scripturas a Judaeis receptas;NA;NA;NA;NA;Biblia latina (cum postillis Nicolai de Lyra et expositionibus Guillelmi Britonis in omnes prologos S. Hieronymi et additionibus Pauli Burgensis replicisque Matthiae Doering). Nicolaus de Lyra: Contra perfidiam Judaeorum;Nicolaus de Lyra (Kommentator);119238683;Postilla.;NA;Paulus de Sancta Maria (Kommentator);119105144;Additiones.;NA;Mathias Döring (Kommentator);100964664;Replik (Defensorium postillae Nicolai de Lyra contra Paulum Burgensem).;NA;Guillaume Le Breton (Kommentator);11884038X;Expositiones prologorum.;NA;NA;NA;NA;NA;NA;NA;NA;NA;NA;NA;NA;NA;NA;NA;NA;NA;NA;NA;4294;ib00619000;NA;NA;740099;Schreckenberg III (1994) 382-387. Floerken 22-23;1497-00-00;Nürnberg;Anton Koberger;118563890;NA;NA;NA;NA;ff. 424;2°;Latein;1. Antijüdische Schrift. Gosselin 46 , HC 3171. Sammelwerk mit Paulus Burgensis (GND 119105144), Additiones, mit Matthias Doering (GND 100964664), (1) Replik (2) Defensorium postillae Nicolai de Lyracontra Paulum Burgensem, mit (1) Guillaume Breton (2) William Brito ((1) GND 102482799 (2) GND 11884038X), Expositio (vocabulorum bibliae), mit Nicolaus de Lyra (GND 119238683), Postilla;Religious;1309-00-00;http://data.onb.ac.at/dtl/555865;Österreich;Wien;Österreichische Nationalbibliotek;Ink 30-66, Ink 30-67, Ink 30-68, Ink 30-69;NA;NA;https://digi.vatlib.it/view/Inc.II.764/0001;Vatikanstadt;Vatikanstadt;Vatican Apostolic Library;Inc.II.764;NA;NA;NA;NA;NA;NA;NA;NA;NA
Nicolaus de Lyra;119238683;(1) Contra perfidiam Judaeorum (2) Quaestio de probatione per scripturas a Judaeis receptas;NA;NA;NA;NA;Biblia latina (cum glossa ordinaria Walafridi Strabonis aliorumque et interlineari Anselmi Laudunensis et cum postillis Nicolai de Lyra expositionibusque Guillelmi Britonis in omnes prologos S. Hieronymi). Add: Nicolaus de Lyra: Contra perfidiam Judaeorum. Ed: Bernardinus Gadolus, Eusebius Hispanus, and Secundus Contarenus;Walafridus Strabo (Kommentator);118628550;Glossa ordinaria.;NA;Nicolaus de Lyra (Kommentator);119238683;Postilla.;NA;Guillaume Le Breton (Kommentator);11884038X;Expositiones prologorum.;NA;Anselmus Laudunensis (Kommentator);118649566;Glossa ordinaria;NA;NA;NA;NA;NA;NA;NA;NA;NA;NA;NA;NA;NA;NA;NA;NA;NA;NA;NA;4283;ib00608000;B-473;NA;999284;Schreckenberg III (1994) 382-387. Floerken 22-23;1495-04-18;Venedig;Paganinus de Paganinis;128981180;NA;NA;NA;NA;ff. (1512);2°;Latein;1. Antijüdische Schrift. Gosselin 42 , HC 3174. ÖNB (https://data.onb.ac.at/rec/AC07507525) gibt als Titel an: *Biblia : Mit Glossa ordinaria, *Postilla litteralis* von Nicolaus de Lyra, *Expositiones prologorum* von Guilelmus Brito. - Widmungsbrief an Kardinal Francesco Todeschini-Piccolomini, Murano, 25.1.1495. Herausgeber Bernardinus Gadolus, Eusebius Hispanus und Secundus Contarenus, mit Privileg. Weitere Titel: Gadolus, Bernardinus: De libris bibliae canonicis et non canonicis. Als Anhang *Translatores bibliae*. - Nicolaus de Lyra: Contra perfidiam Judaeorum. Probatio incarnationis divinae personae*;Religious;1309-00-00;urn:nbn:de:bvb:12-bsb00048387-9;Deutschland;München;Bayerische Staatsbibliothek (BSB);NA;06.07.2010;24.09.2021;(1) http://data.onb.ac.at/dtl/573939. (2) http://data.onb.ac.at/dtl/512251;Österreich;Wien;Österreichische Nationalbibliotek;(1) Ink 32-4, Ink 32-5, Ink 32-6. (2) Ink 21.B.7;NA;NA;https://digi.vatlib.it/view/Inc.I.88/0001;Vatikanstadt;Vatikanstadt;Vatican Apostolic Library;Inc.I.88;NA;NA
Nicolaus de Lyra;119238683;(1) Contra perfidiam Judaeorum (2) Quaestio de probatione per scripturas a Judaeis receptas;NA;NA;NA;NA;Biblia latina (cum glossa ordinaria Walafridi Strabonis aliorumque et interlineari Anselmi Laudunensis et cum postillis ac moralitatibus Nicolai de Lyra et expositionibus Guillelmi Britonis in omnes prologos S. Hieronymi et additionibus Pauli Burgensis replicisque Matthiae Doering). Ed: Sebastian Brant. Add: Nicolaus de Lyra: Contra perfidiam Judaeorum;Walafridus Strabo (Kommentator);118628550;Glossa ordinaria.;NA;Nicolaus de Lyra (Kommentator);119238683;Postilla.;NA;Guillaume Le Breton (Kommentator);11884038X;Expositiones prologorum.;NA;Anselmus Laudunensis (Kommentator);118649566;Glossa ordinaria;NA;Paulus de Sancta Maria (Kommentator);119105144;Additiones.;NA;Mathias Döring (Kommentator);100964664;Replik (Defensorium postillae Nicolai de Lyra contra Paulum Burgensem).;NA;NA;NA;NA;NA;Sebastian Brant (Herausgeber);118514474;NA;NA;NA;NA;4284;ib00609000;B-480;NA;740092;Schreckenberg III (1994) 382-387. Floerken 22-23;1498-12-01;Basel;Johann Froben;118955179;Johann Petri;123250889;NA;NA;ff. 378;2°;Latein;1. Antijüdische Schrift. Gosselin 14 , HC 3172. Sammelwerk mit (1) Guillaume Breton (2) William Brito ((1) GND 102482799 (2) GND 11884038X), Expositio (vocabulorum bibliae), mit Walahfrid, Strabo, Reichenau, Abt (GND 1210873036), Glossa ordinaria, mit Anselmus Laudunensis (GND 118649566), Interlineae, mit Nicolaus de Lyra (GND 119238683), Postilla. Holzschnitte;Religious;1309-00-00;urn:nbn:de:bvb:12-bsb00026025-2;Deutschland;München;Bayerische Staatsbibliothek (BSB);2 Inc.c.a. 3662-2;22.08.2008;23.09.2021;urn:nbn:de:hbz:061:1-438289;Deutschland;Düsseldorf;Universitäts- und Landesbibliothek;NA;24.09.2014;06.09.2019;https://doi.org/10.3931/e-rara-16208;Schweiz;Basel;Universitätsbibliothek (UB);Frey-Gryn K I 4-9;NA;NA
Nicolaus de Lyra;119238683;(1) Contra perfidiam Judaeorum (2) Quaestio de probatione per scripturas a Judaeis receptas;NA;NA;NA;NA;Biblia latina (cum glossa ordinaria Walafridi Strabonis aliorumque et interlineari Anselmi Laudunensis et cum postillis ac moralitatibus Nicolai de Lyra et expositionibus Guillelmi Britonis in omnes prologos S. Hieronymi et additionibus Pauli Burgensis replicisque Matthiae Doering). Ed: Sebastian Brant. Add: Nicolaus de Lyra: Contra perfidiam Judaeorum;Nicolaus de Lyra (Kommentator);119238683;Postilla.;NA;Paulus de Sancta Maria (Kommentator);119105144;Additiones.;NA;Mathias Döring (Kommentator);100964664;Replik (Defensorium postillae Nicolai de Lyra contra Paulum Burgensem).;NA;Sebastian Brant (Herausgeber);118514474;NA;NA;NA;NA;NA;NA;NA;NA;NA;NA;NA;NA;NA;NA;NA;NA;NA;NA;NA;NA;IV Sp.142a;ib00609500;NA;B 2581;740093;Schreckenberg III (1994) 382-387. Floerken 22-23;1502-05-15;Basel;Johann Petri;123250889;Johann Amerbach;123073189;Johann Froben;118955179;ff. 377;2°;Latein;1. Antijüdische Schrift. Gosselin 15 ?, Copinger 1038 ?, mit (1) Guillaume Breton (2) William Brito ((1) GND 102482799 (2) GND 11884038X), Expositio (vocabulorum bibliae), mit Walahfrid, Strabo, Reichenau, Abt (GND 1210873036), Glossa ordinaria, mit Anselmus Laudunensis (GND 118649566), Interlineae, mit Nicolaus de Lyra (GND 119238683), Postilla;Religious;1309-00-00;urn:nbn:de:bvb:12-bsb00001917-5;Deutschland;München;Bayerische Staatsbibliothek (BSB);Res/2 B.lat. 3-1;12.12.2006;23.09.2021;NA;NA;NA;NA;NA;NA;NA;NA;NA;NA;NA;NA;NA;NA
Nicolaus de Lyra;119238683;(1) Contra perfidiam Judaeorum (2) Quaestio de probatione per scripturas a Judaeis receptas;NA;NA;NA;NA;(1) Biblia latina. (2) Textus biblie Cu(m) Glosa ordinaria, Nicolai de lyra postilla, Moralitatibus eiusdem, Pauli Burgensis Additio(n)ibus, Matthie Thoring . (3) epertorium alphabeticum sententiarum prestantium contentiuum: decerptarum ex glossa ordinaria et interlineari, ex Nicolai de Lyra litterali ac morali postilla, questione quodlibetica atrum Messias .... venerit an adhuc venturus vere expectetur (etc.) (ÖNB);Nicolaus de Lyra (Kommentator);119238683;Postilla.;NA;Paulus de Sancta Maria (Kommentator);119105144;Additiones.;NA;Mathias Döring (Kommentator);100964664;Replik (Defensorium postillae Nicolai de Lyra contra Paulum Burgensem).;NA;NA;NA;NA;NA;NA;NA;NA;NA;NA;NA;NA;NA;NA;NA;NA;NA;Leontorius Conradust (Herausgeber);129039462;NA;NA;NA;NA;NA;NA;NA;B 2583;693153;Schreckenberg III (1994) 382-387. Floerken 22-23;1506-00-00--1508-00-00;Basel;Johann Petri;123250889;Johann Amerbach;123073189;Johann Froben;118955179;T.I: 377 Bl.. T.II: 315 Bl.. T.III: 440 Bl.. T.IV: 479 Bl., (1) Bl.. T.V: 244 Bl.. T.VI: 286 Bl.. T.VII: (218) Bl;2°;Latein;Sammelwerk, 7 Teile, mit Holzschnitten, mit Walahfrid, Strabo, Reichenau, Abt (GND 1210873036), Glossa ordinaria, mit Nicolaus de Lyra (GND 119238683), Postilla und Postilla moralis. Sammelwerk mit Paulus Burgensis (GND 119105144), Additiones, mit Matthias Doering (GND 100964664), (1) Replik (2) Defensorium postillae Nicolai de Lyracontra Paulum Burgensem. 1. Antijüdische Schrift: 6. Teil, 275-249 (133r-135r). Gosselin 15 ?, Copinger 1038 ?;Religious;1309-00-00;"Tl. 1: ""urn:nbn:de:bvb:12-bsb11059394-1"". Tl. 2: ""urn:nbn:de:bvb:12-bsb11059395-7"". Tl. 3: ""urn:nbn:de:bvb:12-bsb11059396-2"". Tl. 4: ? . Tl. 5: ""urn:nbn:de:bvb:12-bsb11059398-3"" . Tl. 6: ""urn:nbn:de:bvb:12-bsb11059399-3"". Tl. 7: ""urn:nbn:de:bvb:12-bsb11059400-1""";Deutschland;Regensburg;Staatliche Bibliothek;999/2Script.1139;08.05.2013;29.07.2021;"Tl. 1: ""http://data.onb.ac.at/rep/10449A01""";Österreich;Wien;Österreichische Nationalbibliotek;18.A.15 ALT PRUNK;NA;NA;Tl. 1: urn:nbn:de:urmel-26fcf680-0906-4952-bb35-3239279f95f2. Tl. 2: urn:nbn:de:urmel-3194bae8-8a60-4d2d-990e-ae5029d88ae66. Tl. 3: urn:nbn:de:urmel-19817b31-2243-4200-9f74-fdea8bbd7b5e1. Tl. 4: urn:nbn:de:urmel-24af60f1-5ece-4882-b526-555de6d05ccd7. Tl. 5-6: urn:nbn:de:urmel-d2afec0f-3e1a-4d5b-a711-0556fba72f513. Tl. 7: urn:nbn:de:urmel-b5ac8e99-3223-4864-903f-99497157c70c3;Deutschland;Jena;Thüringer Universitäts- und Landesbibliothek;Tl.1: 2 Theol.XXII,5a :1. Tl 2: 2 Theol.XXII,5b :2. Tl. 3: 2 Theol.XXII,5c :3. Tl. 4 2 Theol.XXII,5d :4. Tl. 5-6 2 Theol.XXII,5e. Tl. 7 2 Theol.XXII,5f :7;Tl. 1: 2010-04-08. Tl. 2: 2012-10-13. Tl. 3: 2011-08-26. Tl. 4: 2011-08-26. Tl. 5-6: 2011-08-26. Tl. 7: 2010-04-08;Tl. 1: 2010-11-23. Tl. 3: 2012-01-27. Tl. 4: 2012-01-27. Tl. 5-6: 2012-01-27. Tl. 7: 2010-11-23
Nicolaus de Lyra;119238683;Quaestio de probatione per scripturas a Judaeis receptas;NA;NA;Johannes de Turrecremata;118642928;Contra principales errores Mahometi et Turcorum Sarracenorum. Add: Dionysius Carthusiensis: Dialogus Christiani contra Sarracenum. Samuel, Rabbi: Contra errores Judaeorum (tr: Alphonsus Boni Hominis). Nicolaus de Lyra: Quaestio de probatione per scripturas a Judaeis receptas. Prosper Aquitanus: Responsiones contra objectiones Vincentianos, Responsiones ad excerpta ..., Responsiones scilicet Augustini ad dulcitium de octo quaestionibus ab eo missis. Athanasius: Contra haereticos. Eusebius Caesariensis: Legenda S. Sylvestri;Dionysius Carthusiensis;118679716;Dialogus Christiani contra Sarracenum.;NA;Prosper Aquitanus;118793519;Quaestio de probatione per scripturas a Judaeis receptas.;NA;Athanasius;118504843;Contra haereticos.;NA;Eusebius Caesariensis;118531425;Legenda S. Sylvestri.;NA;NA;NA;NA;NA;NA;NA;NA;NA;NA;NA;NA;NA;NA;NA;NA;NA;NA;NA;M39869;it00543000;NA;NA;435273;Schreckenberg III (1994) 382-387. Floerken 22-23;1475-00-00--1476-05-25;Brüssel;Fratres Vitae Communis;tw-Identifier: of1611;NA;NA;NA;NA;ff. (40);2°;Latein;Sammelwerk, Signaturen: a12 b-c10 d8. 1. Antijüdische Schrift. Gosselin 116, Copinger 5259, mit Dionysius Carthusiensis (GND 118679716), Dialogus Christiani contra Sarracenum, mit Rabi Samuel (i.e. Alfonsus Bonihominis. GND 119061481) Epistola contra Judaeorum errores, mit Prosper Aquitanus (GND 1066971781), Responsiones contra objectiones Vincentianos, Responsiones ad excerpta ..., Responsiones scilicet Augustini ad dulcitium de octo quaestionibus ab eo missis, mit Athanasius (GND 118504843), Contra haereticos, mit Eusebius Caesariensis (GND 118531425), Legenda S. Sylvestri;Religious;1309-00-00;urn:nbn:de:hbz:061:1-91997;Deutschland;Düsseldorf;Universitäts- und Landesbibliothek;NA;01.12.2011;NA;NA;NA;NA;NA;NA;NA;NA;NA;NA;NA;NA;NA;NA;NA
Rabi Samuel (i.e. Alfonsus Bonihominis, GND 119061481);102849587;(1) Epistola ad R. Isaac de adventu Messiae quem Judaei temere expectant. (2) Epistola contra Judaeorum errores, Tr: Alphonsus Boni Hominis. (3) Quod Judaei messiam, qui venit seu venturum, temere exspectent.;NA;NA;Johannes de Turrecremata;118642928;Contra principales errores Mahometi et Turcorum Sarracenorum. Add: Dionysius Carthusiensis: Dialogus Christiani contra Sarracenum. Samuel, Rabbi: Contra errores Judaeorum (tr: Alphonsus Boni Hominis). Nicolaus de Lyra: Quaestio de probatione per scripturas a Judaeis receptas. Prosper Aquitanus: Responsiones contra objectiones Vincentianos, Responsiones ad excerpta ..., Responsiones scilicet Augustini ad dulcitium de octo quaestionibus ab eo missis. Athanasius: Contra haereticos. Eusebius Caesariensis: Legenda S. Sylvestri;Dionysius Carthusiensis;118679716;Dialogus Christiani contra Sarracenum.;NA;Prosper Aquitanus;118793519;Quaestio de probatione per scripturas a Judaeis receptas.;NA;Athanasius;118504843;Contra haereticos.;NA;Eusebius Caesariensis;118531425;Legenda S. Sylvestri.;NA;NA;NA;NA;NA;NA;NA;NA;NA;NA;NA;NA;NA;NA;NA;NA;NA;NA;NA;M39869;it00543000;NA;NA;435273;Schreckenberg III (1994) 382-387. Floerken 22-23;1475-00-00--1476-05-25;Brüssel;Fratres Vitae Communis;tw-Identifier: of1611;NA;NA;NA;NA;ff. (40);2°;Latein;Sammelwerk, Signaturen: a12 b-c10 d8. 1. Antijüdische Schrift. Gosselin 116, Copinger 5259, mit Dionysius Carthusiensis (GND 118679716), Dialogus Christiani contra Sarracenum, mit Rabi Samuel (i.e. Alfonsus Bonihominis. GND 119061481) Epistola contra Judaeorum errores, mit Prosper Aquitanus (GND 1066971781), Responsiones contra objectiones Vincentianos, Responsiones ad excerpta ..., Responsiones scilicet Augustini ad dulcitium de octo quaestionibus ab eo missis, mit Athanasius (GND 118504843), Contra haereticos, mit Eusebius Caesariensis (GND 118531425), Legenda S. Sylvestri;Religious;1309-00-00;urn:nbn:de:hbz:061:1-91997;Deutschland;Düsseldorf;Universitäts- und Landesbibliothek;NA;01.12.2011;NA;NA;NA;NA;NA;NA;NA;NA;NA;NA;NA;NA;NA;NA;NA
Rabi Samuel (i.e. Alfonsus Bonihominis, GND 119061481);102849587;(1) Epistola ad R. Isaac de adventu Messiae quem Judaei temere expectant. (2) Epistola contra Judaeorum errores, Tr: Alphonsus Boni Hominis. (3) Quod Judaei messiam, qui venit seu venturum, temere exspectent.;NA;NA;NA;NA;Libro del anticristo. Pseudo- Vincentius Ferrerius: De Fine mundi [Spanish] Sermon de señor san vicente bienaventurado. Tr: Martin Martinez de Ampies. Martinez de Ampies, Martin: El Libro del Judicio postrimero. Rabbi Samuel: Episto;Pseudo-Vincentius Ferrerius;118627082;De Fine mundi [Spanish] Sermon de señor san vicente bienaventurado, Tr: Martin Martinez de Ampies;NA;Martin Martinez de Ampies (Übersetzer);122681249X;El Libro del Judicio postrimero.;NA;NA;NA;NA;NA;NA;NA;NA;NA;NA;NA;NA;NA;NA;NA;NA;NA;NA;NA;NA;NA;NA;NA;NA;NA;NA;NA;2058;ia00770000;NA;NA;766926;Schreckenberg III (1994) 391-393;1496-10-08 und 1496-10-15;Zaragoza;Paul Hurus;136216013;NA;NA;NA;NA;ff. 86;2°;Spanisch;Sammelwerk. Übersetzung ins Spanische. Signaturen: a8 b-g6 h-i8 k10 l-m8;Religious;1309-00-00;NA;NA;NA;NA;NA;NA;NA;NA;NA;NA;NA;NA;NA;NA;NA;NA;NA;NA;NA;NA;NA
Rabi Samuel (i.e. Alfonsus Bonihominis, GND 119061481);102849587;(1) Epistola ad R. Isaac de adventu Messiae quem Judaei temere expectant. (2) Epistola contra Judaeorum errores, Tr: Alphonsus Boni Hominis. (3) Quod Judaei messiam, qui venit seu venturum, temere exspectent.;NA;NA;NA;NA;Libro del anticristo. Add: Pseudo- Vincentius Ferrerius: De Fine mundi [Spanish] Sermon de señor san vicente bienaventurado, Tr: Martin Martinez de Ampies. Martinez de Ampies, Martin: El Libro del Judicio postrimero. Rabbi Samuel: Episto.;Pseudo-Vincentius Ferrerius;118627082;De Fine mundi [Spanish] Sermon de señor san vicente bienaventurado, Tr: Martin Martinez de Ampies;NA;Martin Martinez de Ampies (Übersetzer);122681249X;El Libro del Judicio postrimero.;NA;NA;NA;NA;NA;NA;NA;NA;NA;NA;NA;NA;NA;NA;NA;NA;NA;NA;NA;NA;NA;NA;NA;NA;NA;NA;NA;2059;ia00770200;NA;NA;767033;Schreckenberg III (1994) 391-393. Microfiche: Primary Source Microfilm (an imprint of Cengage Learning), 2003. Incunabula: the Printing Revolution in Europe 1455-1500. Unit 54 - Iberian Printing Part I, SP 8;1497-00-00;Burgos;Fadrique de Basilea (Friedrich Biel);135660467;NA;NA;NA;NA;ff. (158);4°;Spanisch;Sammelwerk. Übersetzung ins Spanische. Siganturen: a-n8 A-B8 C16 D-G8;Religious;1309-00-00;NA;NA;NA;NA;NA;NA;NA;NA;NA;NA;NA;NA;NA;NA;NA;NA;NA;NA;NA;NA;NA
Rabi Samuel (i.e. Alfonsus Bonihominis, GND 119061481);102849587;(1) Epistola ad R. Isaac de adventu Messiae quem Judaei temere expectant. (2) Epistola contra Judaeorum errores, Tr: Alphonsus Boni Hominis. (3) Quod Judaei messiam, qui venit seu venturum, temere exspectent.;NA;NA;Paulus de Sancta Maria;119105144;Scrutinium scripturarum. Add: Rabbi Samuel: Epistola contra Judaeorum errores.;NA;NA;NA;NA;NA;NA;NA;NA;NA;NA;NA;NA;NA;NA;NA;NA;NA;NA;NA;NA;NA;NA;NA;NA;NA;NA;NA;NA;NA;NA;NA;NA;NA;NA;M29967;ip00204000;NA;NA;992446;Schreckenberg III (1994) 391-393;1475-00-00;Manuta;Johannes Schallus;(tw-Identifier: of1258);NA;NA;NA;NA;ff. (270);2°;Latein;Sammelwerk, daran Rabbi Samuel: Epistola contra Judaeorum errores (Tr: Alphonsus Boni Hominis) (Exemplar der Universität Universität Saragossa, Bildnr. 501-539 (241v-269v));Religious;1309-00-00;https://zaguan.unizar.es/record/279;Spanien;Saragossa;Universität Saragossa (Universidad de Zaragoza);NA;NA;NA;NA;NA;NA;NA;NA;NA;NA;NA;NA;NA;NA;NA;NA;NA
Rabi Samuel (i.e. Alfonsus Bonihominis, GND 119061481);102849587;(1) Epistola ad R. Isaac de adventu Messiae quem Judaei temere expectant. (2) Epistola contra Judaeorum errores, Tr: Alphonsus Boni Hominis. (3) Quod Judaei messiam, qui venit seu venturum, temere exspectent.;Epistola contra Judaeorum errores. Add: Fredericus de Manfredis: Epistola ad Galeottum, De Sacerdotio Christi.;NA;Fredericus de Manfredis;129041459;Epistola ad Galeottum;Fredericus de Manfredis;129041459;De Sacerdotio Christi;NA;Ambrosius Traversarius (Übersetzer);118802658;NA;NA;NA;NA;NA;NA;NA;NA;NA;NA;NA;NA;NA;NA;NA;NA;NA;NA;NA;NA;NA;NA;NA;NA;NA;NA;NA;NA;M39858;is00112000;A-445;NA;991381;Schreckenberg III (1994) 391-393;1496-05-13;Bologna;Ugo Rugerius;129066125;NA;NA;NA;NA;ff. (28);4°;Latein;Sammelwerk. BSB-Ink: *Mit Widmungsbrief des Autors an Hugo de Vaucemain (GND: 102499985), General des Dominikanerordens, Fassung B (Kap. 1-27)*;Religious;1309-00-00;urn:nbn:de:bvb:12-bsb00065276-8;Deutschland;München;Bayerische Staatsbibliothek (BSB);4 Inc.c.a. 1333;13.12.2011;24.09.2021;NA;NA;NA;NA;NA;NA;NA;NA;NA;NA;NA;NA;NA;NA
Rabi Samuel (i.e. Alfonsus Bonihominis, GND 119061481);102849587;(1) Epistola ad R. Isaac de adventu Messiae quem Judaei temere expectant. (2) Epistola contra Judaeorum errores, Tr: Alphonsus Boni Hominis. (3) Quod Judaei messiam, qui venit seu venturum, temere exspectent.;Epistola contra Judaeorum errores . Add: Pseudo- Pontius Pilatus: Epistola ad Tiberium.;NA;Pseudo-Pontius Pilatus;118792172;Epistola ad Tiberium;NA;NA;NA;NA;NA;NA;NA;NA;NA;NA;NA;NA;NA;NA;NA;NA;NA;NA;NA;NA;NA;NA;NA;NA;NA;NA;NA;NA;NA;NA;NA;NA;NA;NA;M39841;is00104000;A-440;NA;991386;Schreckenberg III (1994) 391-393;1475-00-00, um;(1) Sant'Orso (2) Venedig;Johannes de Reno;1172234981;NA;NA;NA;NA;ff. (28);4°;Latein;Sammelwerk. BSB-Ink: *Fassung B (Kap. 1-27)*;Religious;NA;urn:nbn:de:bvb:12-bsb00065277-3;Deutschland;München;Bayerische Staatsbibliothek (BSB);4 Inc.s.a. 1616;13.12.2011;24.09.2021;NA;NA;NA;NA;NA;NA;NA;NA;NA;NA;NA;NA;NA;NA
Rabi Samuel (i.e. Alfonsus Bonihominis, GND 119061481);102849587;(1) Epistola ad R. Isaac de adventu Messiae quem Judaei temere expectant. (2) Epistola contra Judaeorum errores, Tr: Alphonsus Boni Hominis. (3) Quod Judaei messiam, qui venit seu venturum, temere exspectent.;Epistola contra Judaeorum errores (Tr: Alphonsus Boni Hominis). Add: Pseudo- Pontius Pilatus: Epistola ad Tiberium.;NA;Pseudo-Pontius Pilatus;118792172;Epistola ad Tiberium;NA;NA;NA;NA;NA;NA;NA;NA;NA;NA;NA;NA;NA;NA;NA;NA;NA;NA;NA;NA;NA;NA;NA;NA;NA;NA;NA;NA;NA;NA;NA;NA;NA;NA;M39840;is00108500;NA;NA;765177;Schreckenberg III (1994) 391-393. USTC-Bibliographic References: Alexander Wilkinson, IB: Books Published in Spanish or Portugese or printed on the Iberian Peninsula before 1601, Reference: no. 15496;1480-00-00--1481-00-00;Zaragoza;Paul Hurus;136215998;NA;NA;NA;NA;ff. (34);4°;Latein;Sammelwerk, daran Pseudo- Pontius Pilatus: Epistola ad Tiberium;Religious;NA;NA;NA;NA;NA;NA;NA;NA;NA;NA;NA;NA;NA;NA;NA;NA;NA;NA;NA;NA;NA;NA
Rabi Samuel (i.e. Alfonsus Bonihominis, GND 119061481);102849587;(1) Epistola ad R. Isaac de adventu Messiae quem Judaei temere expectant. (2) Epistola contra Judaeorum errores, Tr: Alphonsus Boni Hominis. (3) Quod Judaei messiam, qui venit seu venturum, temere exspectent.;Epistola contra Judaeorum errores. Add: Prophetiae de venturo Christo Patriarcharum, Sibyllae, Prophetarum. Pseudo- Pontius Pilatus: Epistola ad Tiberium.;NA;NA;NA;Prophetiae de venturo Christo Patriarcharum, Sibyllae, Prophetarum.;Pseudo-Pontius Pilatus;118792172;Epistola ad Tiberium.;NA;NA;NA;NA;NA;NA;NA;NA;NA;NA;NA;NA;NA;NA;NA;NA;NA;NA;NA;NA;NA;NA;NA;NA;NA;NA;NA;NA;NA;NA;NA;M39824;is00113000;A-446;NA;748743;Schreckenberg III (1994) 391-393;1498-03-19;Nürenberg;Caspar Hochfeder;119338297;NA;NA;NA;NA;(ff. 42?);4°;Latein;Sammelwerk, daran Prophetiae de venturo Christo Patriarcharum, Sibyllae, Prophetarum. Pseudo- Pontius Pilatus: Epistola ad Tiberium;Religious;NA;http://diglib.hab.de/inkunabeln/69-2-quod-11/start.htm;Deutschland;Wolfenbüttel;Herzog August Bibliothek;A: 69.2 Quod. (11);26.06.1905;NA;http://digital.bodleian.ox.ac.uk/inquire/p/d205f4ea-593c-45e4-8521-e962d9aa379e;Vereinigtes Königreich;Oxford;Bodleian Libraries, University of Oxford;Auct. 7Q 6.32;04.08.2016;NA;urn:nbn:de:hebis:30:2-223740;Deutschland;Frankfurt am Main;Universitätsbibliothek (UB);Inc. oct. 462;24.02.2014;NA
Rabi Samuel (i.e. Alfonsus Bonihominis, GND 119061481);102849587;(1) Epistola ad R. Isaac de adventu Messiae quem Judaei temere expectant. (2) Epistola contra Judaeorum errores, Tr: Alphonsus Boni Hominis. (3) Quod Judaei messiam, qui venit seu venturum, temere exspectent.;Epistola contra Judaeorum errores (Tr: Alphonsus Boni Hominis). Add: Pseudo- Pontius Pilatus: Epistola ad Tiberium.;NA;Pseudo-Pontius Pilatus;118792172;Epistola ad Tiberium;NA;NA;NA;NA;NA;NA;NA;NA;NA;NA;NA;NA;NA;NA;NA;NA;NA;NA;NA;NA;NA;NA;NA;NA;NA;NA;NA;NA;NA;NA;NA;NA;NA;NA;M39835;is00103700;NA;NA;991387;Schreckenberg III (1994) 391-393;1474-00-00;Santorso;Leonardus Achates de Basilea;138093555;NA;NA;NA;NA;NA;4°;Latein;Sammelwerk, daran Pseudo- Pontius Pilatus: Epistola ad Tiberium. identisch mit M39836;Religious;NA;NA;NA;NA;NA;NA;NA;NA;NA;NA;NA;NA;NA;NA;NA;NA;NA;NA;NA;NA;NA;NA
Rabi Samuel (i.e. Alfonsus Bonihominis, GND 119061481);102849587;(1) Epistola ad R. Isaac de adventu Messiae quem Judaei temere expectant. (2) Epistola contra Judaeorum errores, Tr: Alphonsus Boni Hominis. (3) Quod Judaei messiam, qui venit seu venturum, temere exspectent.;Epistola contra Judaeorum errores [Italian], Tr: Sebastiano Salvini, from the Latin of Alphonsus Boni Hominis. Add: Sebastiano Salvini: Epistola ad Raphaelem Riarium, Considerazione sopra i salmi di David. Herodes: Epistola ad Senatum romanum [Italian].;NA;Sebastiano Salvini;NA;Epistola ad Raphaelem Riarium.;Sebastiano Salvini;NA;Considerazione sopra i salmi di David.;NA;Herodes;118549847;Epistola ad Senatum romanum [Italian];NA;NA;NA;NA;NA;NA;NA;NA;NA;NA;NA;NA;NA;NA;NA;NA;NA;NA;NA;NA;NA;Sebastiano Salvini (Übersetzer ins Italienische);NA;NA;NA;NA;NA;M39854;is00117000;NA;NA;991388;Schreckenberg III (1994) 391-393;1479-11-24, nach;Florenz;Nicolaus Laurentii, Alamanus;1037617495;NA;NA;NA;NA;ff. (54);4°;Italienisch;Sammelwerk. Übersetzung ins Italienische. daran Sebastiano Salvini: Epistola ad Raphaelem Riarium. Considerazione sopra i salmi di David. Herodes: Epistola ad Senatum romanum, ebenfalls in Italienisch;Religious;NA;http://atena.beic.it/webclient/DeliveryManager?pid=2976292;Italien;Florenz;Biblioteca nazionale centrale di Firenze (BEIC);NA;NA;NA;NA;NA;NA;NA;NA;NA;NA;NA;NA;NA;NA;NA;NA;NA
Rabi Samuel (i.e. Alfonsus Bonihominis, GND 119061481);102849587;(1) Epistola ad R. Isaac de adventu Messiae quem Judaei temere expectant. (2) Epistola contra Judaeorum errores, Tr: Alphonsus Boni Hominis. (3) Quod Judaei messiam, qui venit seu venturum, temere exspectent.;Epistola contra Judaeorum errores [German, from the Latin of Alphonsus Boni Hominis]. Add: Prophetiae de venturo Christo Patriarcharum, Sibyllae, Prophetarum [German]. Pseudo- Pontius Pilatus: Epistola ad Tiberium [German].;NA;NA;NA;Prophetiae de venturo Christo Patriarcharum, Sibyllae, Prophetarum [Deutsch];Pseudo-Pontius Pilatus;118792172;Epistola ad Tiberium [Deutsch];NA;NA;NA;NA;NA;NA;NA;NA;NA;NA;NA;NA;NA;NA;NA;NA;NA;NA;NA;NA;NA;NA;NA;NA;NA;NA;NA;NA;NA;NA;NA;M39848;is00116000;A-448;NA;748746;Schreckenberg III (1994) 391-393;1498-00-00;Nürnberg;Caspar Hochfeder;119338297;NA;NA;NA;NA;ff. (24);4°;Deutsch;Übersetzung ins Deutsche. Sammelwerk, daran Prophetiae de venturo Christo Patriarcharum, Sibyllae, Prophetarum und Pseudo- Pontius Pilatus: Epistola ad Tiberium, beide ebenfalls ins Deutsche übersetzt. Signatur: a-d6. BSB-Ink: *(Kap. 1-27), Fassung B*.;Religious;NA;urn:nbn:de:bvb:12-bsb00047702-6;Deutschland;München;Bayerische Staatsbibliothek (BSB);4 Inc.c.a. 1543;19.05.2010;23.09.2021;NA;NA;NA;NA;NA;NA;NA;NA;NA;NA;NA;NA;NA;NA
Rabi Samuel (i.e. Alfonsus Bonihominis, GND 119061481);102849587;(1) Epistola ad R. Isaac de adventu Messiae quem Judaei temere expectant. (2) Epistola contra Judaeorum errores, Tr: Alphonsus Boni Hominis. (3) Quod Judaei messiam, qui venit seu venturum, temere exspectent.;Epistola contra Judaeorum errores [Spanish, from the Latin of Alphonsus Boni Hominis]. Add: Pseudo- Pontius Pilatus: Epistola ad Tiberium [Spanish].;NA;Pseudo-Pontius Pilatus;118792172;Epistola ad Tiberium [Spanish];NA;NA;NA;NA;NA;NA;NA;NA;NA;NA;NA;NA;NA;NA;NA;NA;NA;NA;NA;NA;NA;NA;NA;NA;NA;NA;NA;NA;NA;NA;NA;NA;NA;NA;NA;is00117200;NA;NA;766121;Schreckenberg III (1994) 391-393. USTC-Bibliographic References: IBE: Biblioteca Nacional (Madrid). Catálogo general de incunables en bibliotecas españolas. Coordinado y dirigido por Francisco García Craviotto. 2 vols. Madrid, 1989-90. (Adiciones y correcciones. I-II, Madrid, 1991-94). 5030. Philobiblon, Reference: no. BETA manid 4437. Alexander Wilkinson, IB: Books Published in Spanish or Portugese or printed on the Iberian Peninsula, before 1601, Reference: no. 15497;1490-00-00, um;Zaragoza;Paul Hurus;136216013;NA;NA;NA;NA;NA;4°;Spanisch;"Übersetzung ins Spanische. Sammelwerk, daran Pseudo- Pontius Pilatus: Epistola ad Tiberium, ebenfalls in Spanisch; identisch mit USTC 333799?";Religious;NA;NA;NA;NA;NA;NA;NA;NA;NA;NA;NA;NA;NA;NA;NA;NA;NA;NA;NA;NA;NA;NA
Rabi Samuel (i.e. Alfonsus Bonihominis, GND 119061481);102849587;(1) Epistola ad R. Isaac de adventu Messiae quem Judaei temere expectant. (2) Epistola contra Judaeorum errores, Tr: Alphonsus Boni Hominis. (3) Quod Judaei messiam, qui venit seu venturum, temere exspectent.;Epistola contra Judaeorum errores. Add: Pseudo- Pontius Pilatus: Epistola ad Tiberium.;NA;Pseudo-Pontius Pilatus;118792172;Epistola ad Tiberium;NA;NA;NA;NA;NA;NA;NA;NA;NA;NA;NA;NA;NA;NA;NA;NA;NA;NA;NA;NA;NA;NA;NA;NA;NA;NA;NA;NA;NA;NA;NA;NA;NA;NA;M39830;is00108000;NA;NA;991382;Schreckenberg III (1994) 391-393;1480-00-00, um;Rom;Drucker von Sixtus IV., Bulla de reformatione confraternitatis (H 14811);(tw-Identifier: of1696);NA;NA;NA;NA;ff. 14;4°;Latein;Sammelwerk.;Religious;NA;NA;NA;NA;NA;NA;NA;NA;NA;NA;NA;NA;NA;NA;NA;NA;NA;NA;NA;NA;NA;NA
Rabi Samuel (i.e. Alfonsus Bonihominis, GND 119061481);102849587;(1) Epistola ad R. Isaac de adventu Messiae quem Judaei temere expectant. (2) Epistola contra Judaeorum errores, Tr: Alphonsus Boni Hominis. (3) Quod Judaei messiam, qui venit seu venturum, temere exspectent.;Epistola contra Judaeorum errores. Add: Pseudo- Pontius Pilatus: Epistola ad Tiberium.;NA;Pseudo-Pontius Pilatus;118792172;Epistola ad Tiberium;NA;NA;NA;NA;NA;NA;NA;NA;NA;NA;NA;NA;NA;NA;NA;NA;NA;NA;NA;NA;NA;NA;NA;NA;NA;NA;NA;NA;NA;NA;NA;NA;NA;NA;M39833;is00106000;NA;NA;991383;Schreckenberg III (1994) 391-393;1480-00-00, um;Rom;Eucharius Silber;129070149;NA;NA;NA;NA;ff. 22;4°;Latein;Sammelwerk, daran Pseudo- Pontius Pilatus: Epistola ad Tiberium;Religious;NA;urn:nbn:de:bsz:24-digibib-bsz3795318529;Deutschland;Stuttgart;Württembergische Landesbibliothek;Inc.qt.7878;28.02.2013;29.03.2021;http://digi.vatlib.it/view/Inc.V.219;Vatikanstadt;Vatikanstadt;Vatican Apostolic Library;Inc.V.219;NA;NA;NA;NA;NA;NA;NA;NA;NA
Alexander de Nevo;100954340;Consilia contra Judaeos foenerante;NA;NA;Nikolaus von Osimo;100954901;(1) Supplementum Summae Pisanellae et Canones poenitentiales fratris Astensis et Consilia Alexandri de Nevo contra Judaeos foenerantes. (2) Supplementum Summae Pisanellae. Add: Alexander de Nevo: Consilia contra Judaeos foenerantes. Astesanus de Ast: Canones poenitentiales.;Astesanus de Ast;100969763;Canones poenitentiales;NA;NA;NA;NA;NA;NA;NA;NA;NA;NA;NA;NA;NA;NA;NA;NA;NA;NA;NA;NA;NA;NA;NA;NA;NA;NA;NA;NA;NA;NA;NA;M26253;in00067000;N-72;NA;992867;NA;1476-00-00;Venedig;Franciscus Renner de Heilbronn;138332290;Nicolaus de Frankfordia;137194714;NA;NA;ff. (356);2°;Latein;Signaturen (a–h10 i8 k10 lm8 n–zA–M10 N12). Sammelwerk. betrifft Wucher. gedruckt mit Astesanus de Ast (GND 100969763), Canones poenitentiales. Ausgaben von Nicolaus de Ausmo (GND 100954901), Supplementum Summae Pisanellae nur mit Astesanus de Ast (GND 100969763), Canones poenitentiales: GW M26217 + M26221 + M26225 (+ M26232 (falsch)) + M26233 (+ M26235 (falsch)) + M26236 + M26238 + M26246 + M26249 + M26252 + M26269. ohne anhängende Werke: GW M26241 (+ M26223 (wg. H 2162, falsch + M26243 (wg. H 2162, falsch) + M26278 (wg. H 2171, falsch) + M26279 (wg. H 2172, falsch));Religious;1484-00-00, vor (Todesdatum);urn:nbn:de:bvb:12-bsb00057065-2;Deutschland;München;Bayerische Staatsbibliothek (BSB);2 Inc.c.a. 450;11.03.2011;24.09.2021;urn:nbn:de:hbz:061:1-74940;Deutschland;Düsseldorf;Universitäts- und Landesbibliothek;05.07.2011;NA;NA;NA;NA;NA;NA;NA;NA;NA
Alexander de Nevo;100954340;Consilia contra Judaeos foenerante;NA;NA;Nikolaus von Osimo;100954901;(1) Supplementum Summae Pisanellae et Canones poenitentiales fratris Astensis et Consilia Alexandri de Nevo contra Judaeos foenerantes. (2) Supplementum Summae Pisanellae. Add: Alexander de Nevo: Consilia contra Judaeos foenerantes. Astesanus de Ast: Canones poenitentiales.;Astesanus de Ast;100969763;Canones poenitentiales;NA;NA;NA;NA;NA;NA;NA;NA;NA;NA;NA;NA;NA;NA;NA;NA;NA;NA;NA;NA;NA;NA;NA;NA;NA;NA;NA;NA;NA;NA;NA;M26257;in00068000;N-73;NA;992866;NA;1477-00-00;Venedig;Franciscus Renner de Heilbronn;138332290;Petrus de Bartua;1172033803;NA;NA;ff. (430);2°;Latein;Signaturen: a–n10 o12 p10 q–y12 1–9 12 10 –1310 A10 B8 b8 (1–210). Sammelwerk. betrifft Wucher. gedruckt mit Astesanus de Ast (GND 100969763), Canones poenitentiales. Ausgaben von Nicolaus de Ausmo (GND 100954901), Supplementum Summae Pisanellae nur mit Astesanus de Ast (GND 100969763), Canones poenitentiales: GW M26217 + M26221 + M26225 (+ M26232 (falsch)) + M26233 (+ M26235 (falsch)) + M26236 + M26238 + M26246 + M26249 + M26252 + M26269. ohne anhängende Werke: GW M26241 (+ M26223 (wg. H 2162, falsch + M26243 (wg. H 2162, falsch) + M26278 (wg. H 2171, falsch) + M26279 (wg. H 2172, falsch)). Exemplar der BSB München (2 Inc.c.a. 574 b): Nikolaus ff. 1r-383v (Bildnr. 9-774), Nevo ff. 384r-409r (Bildnr. 775-825), tabula ff. 410r-425r (Bildnr. 827-857), Astesanus ff. 425v-429r (Bildnr. 858-865). Exemplar der ULB Düsseldorf: Nikolaus Bildnr. 7-772, Nevo Bildnr. 773-823, tabula Bildnr. 824-855), Astesanus Bildnr. 856-863;Religious;1484-00-00, vor (Todesdatum);urn:nbn:de:bvb:12-bsb00056999-8;Deutschland;München;Bayerische Staatsbibliothek (BSB);2 Inc.c.a. 574 b;07.04.2011;24.09.2021;NA;NA;NA;NA;NA;NA;NA;NA;NA;NA;NA;NA;NA;NA
Alexander de Nevo;100954340;Consilia contra Judaeos foenerante;NA;NA;Nikolaus von Osimo;100954901;(1) Supplementum Summae Pisanellae et Canones poenitentiales fratris Astensis et Consilia Alexandri de Nevo contra Judaeos foenerantes. (2) Supplementum Summae Pisanellae. Add: Alexander de Nevo: Consilia contra Judaeos foenerantes. Astesanus de Ast: Canones poenitentiales.;Astesanus de Ast;100969763;Canones poenitentiales;NA;NA;NA;NA;NA;NA;NA;NA;NA;NA;NA;NA;NA;NA;NA;NA;NA;NA;NA;NA;NA;NA;NA;NA;NA;NA;NA;NA;NA;NA;NA;M26228;in00069000;NA;NA;992865;NA;1479-04-22 und 1479-04-30;Mailand;Leonardus Pachel;120259516;Uldericus Scinzenzeler;13839413X;NA;NA;ff. (350);4°;Latein;Signaturen a–xvzaa–ij10 kk12 ll10 mm8. Sammelwerk. betrifft Wucher. gedruckt mit Astesanus de Ast (GND 100969763), Canones poenitentiales. Ausgaben von Nicolaus de Ausmo (GND 100954901), Supplementum Summae Pisanellae nur mit Astesanus de Ast (GND 100969763), Canones poenitentiales: GW M26217 + M26221 + M26225 (+ M26232 (falsch)) + M26233 (+ M26235 (falsch)) + M26236 + M26238 + M26246 + M26249 + M26252 + M26269. ohne anhängende Werke: GW M26241 (+ M26223 (wg. H 2162, falsch + M26243 (wg. H 2162, falsch) + M26278 (wg. H 2171, falsch) + M26279 (wg. H 2172, falsch));Religious;1484-00-00, vor (Todesdatum);urn:nbn:de:bsz:16-diglit-206557;Deutschland;Heidelberg;Universitätsbibliothek (UB);Q 7887 qt. INC;05.03.2014;14.05.2021;NA;NA;NA;NA;NA;NA;NA;NA;NA;NA;NA;NA;NA;NA
Alexander de Nevo;100954340;Consilia contra Judaeos foenerante;NA;NA;Nikolaus von Osimo;100954901;(1) Supplementum Summae Pisanellae et Canones poenitentiales fratris Astensis et Consilia Alexandri de Nevo contra Judaeos foenerantes. (2) Supplementum Summae Pisanellae. Add: Alexander de Nevo: Consilia contra Judaeos foenerantes. Astesanus de Ast: Canones poenitentiales.;Astesanus de Ast;100969763;Canones poenitentiales;NA;NA;NA;NA;NA;NA;NA;NA;NA;NA;NA;NA;NA;NA;NA;NA;NA;NA;NA;NA;NA;NA;NA;NA;NA;NA;NA;NA;NA;NA;NA;(1) M26274. (2) M26277;in00071000;(1) N-76. (2) N-75;NA;992864;NA;1479-00-00 (nicht 1489-00-00);Venedig;Leonardus Wild;1037618734;NA;NA;NA;NA;ff. (380);4°;Latein;Sammelwerk. betrifft Wucher. gedruckt mit Astesanus de Ast (GND 100969763), Canones poenitentiales. Ausgaben von Nicolaus de Ausmo (GND 100954901), Supplementum Summae Pisanellae nur mit Astesanus de Ast (GND 100969763), Canones poenitentiales: GW M26217 + M26221 + M26225 (+ M26232 (falsch)) + M26233 (+ M26235 (falsch)) + M26236 + M26238 + M26246 + M26249 + M26252 + M26269. ohne anhängende Werke: GW M26241 (+ M26223 (wg. H 2162, falsch + M26243 (wg. H 2162, falsch) + M26278 (wg. H 2171, falsch) + M26279 (wg. H 2172, falsch)). Exemplar der BSB München (4 Inc.c.a. 629 a): Nikolaus ff. 2r-340v (Bildnr. 7-684), Nevo ff. 341r-362v (Bildnr. 685-728), tabula ff. 363r-4376r (Bildnr. 729-755), Astesanus ff. 376v-379v (Bildnr. 756-762);Religious;1484-00-00, vor (Todesdatum);(1) urn:nbn:de:bvb:12-bsb00056997-3. (2) urn:nbn:de:bvb:12-bsb00076922-3;Deutschland;München;Bayerische Staatsbibliothek (BSB);(1) 4 Inc.c.a. 629 a. (2) Rar. 496;(1) 2011-03-11. (2) 2013-03-08;(1) 2021-09-24. (2) 2021-09-24;NA;NA;NA;NA;NA;NA;NA;NA;NA;NA;NA;NA;NA;NA
Alexander de Nevo;100954340;Consilia contra Judaeos foenerante;NA;NA;Nikolaus von Osimo;100954901;(1) Supplementum Summae Pisanellae et Canones poenitentiales fratris Astensis et Consilia Alexandri de Nevo contra Judaeos foenerantes. (2) Supplementum Summae Pisanellae. Add: Alexander de Nevo: Consilia contra Judaeos foenerantes. Astesanus de Ast: Canones poenitentiales.;Astesanus de Ast;100969763;Canones poenitentiales;NA;NA;NA;NA;NA;NA;NA;NA;NA;NA;NA;NA;NA;NA;NA;NA;NA;NA;NA;NA;NA;NA;NA;NA;NA;NA;NA;NA;NA;NA;NA;M26271;in00071200;N-77;NA;992863;NA;1478-01-01 oder 1479-01-01;Venedig;NA;NA;NA;NA;NA;NA;ff. (380);4°;Latein;Sammelwerk. betrifft Wucher. gedruckt mit Astesanus de Ast (GND 100969763), Canones poenitentiales. Ausgaben von Nicolaus de Ausmo (GND 100954901), Supplementum Summae Pisanellae nur mit Astesanus de Ast (GND 100969763), Canones poenitentiales: GW M26217 + M26221 + M26225 (+ M26232 (falsch)) + M26233 (+ M26235 (falsch)) + M26236 + M26238 + M26246 + M26249 + M26252 + M26269. ohne anhängende Werke: GW M26241 (+ M26223 (wg. H 2162, falsch + M26243 (wg. H 2162, falsch) + M26278 (wg. H 2171, falsch) + M26279 (wg. H 2172, falsch));Religious;1484-00-00, vor (Todesdatum);urn:nbn:de:bvb:12-bsb00082642-6;Deutschland;München;Bayerische Staatsbibliothek (BSB);4 Inc.c.a. 131 o;29.05.2013;24.09.2021;NA;NA;NA;NA;NA;NA;NA;NA;NA;NA;NA;NA;NA;NA
Alexander de Nevo;100954340;Consilia contra Judaeos foenerante;NA;NA;Nikolaus von Osimo;100954901;(1) Supplementum Summae Pisanellae et Canones poenitentiales fratris Astensis et Consilia Alexandri de Nevo contra Judaeos foenerantes. (2) Supplementum Summae Pisanellae. Add: Alexander de Nevo: Consilia contra Judaeos foenerantes. Astesanus de Ast: Canones poenitentiales.;Astesanus de Ast;100969763;Canones poenitentiales;NA;NA;NA;NA;NA;NA;NA;NA;NA;NA;NA;NA;NA;NA;NA;NA;NA;NA;NA;NA;NA;NA;NA;NA;NA;NA;NA;NA;NA;NA;NA;M26265;in00073000;N-78;NA;992862;NA;1481-03-10;Venedig;Andreas Torresanus;120730030;Bartholomaeus de Blavis;1037617150;Mapheus de Paterbonis;141189061;ff. (336);4°;Latein;Signaturen a–f12 gh8 i12 k–o8 oo8 p–r?s–yA–Mj8 ?12. Sammelwerk. betrifft Wucher. gedruckt mit Astesanus de Ast (GND 100969763), Canones poenitentiales. Ausgaben von Nicolaus de Ausmo (GND 100954901), Supplementum Summae Pisanellae nur mit Astesanus de Ast (GND 100969763), Canones poenitentiales: GW M26217 + M26221 + M26225 (+ M26232 (falsch)) + M26233 (+ M26235 (falsch)) + M26236 + M26238 + M26246 + M26249 + M26252 + M26269. ohne anhängende Werke: GW M26241 (+ M26223 (wg. H 2162, falsch + M26243 (wg. H 2162, falsch) + M26278 (wg. H 2171, falsch) + M26279 (wg. H 2172, falsch)). Exemplar der BSB München (4 Inc.c.a. 180): Nikolaus ff. 2r-302r (Bildnr. 9-609), tabula ff. 302v-313v (Bildnr. 610-632), Astesanus ff. 314r-316v (Bildnr. 633-638), Nevo ff. 317r-335v (Bildnr. 639-676), register 336r (Bildnr. 677);Religious;1484-00-00, vor (Todesdatum);urn:nbn:de:bvb:12-bsb00057056-2;Deutschland;München;Bayerische Staatsbibliothek (BSB);4 Inc.c.a. 180;11.03.2011;24.09.2021;NA;NA;NA;NA;NA;NA;NA;NA;NA;NA;NA;NA;NA;NA
Alexander de Nevo;100954340;Consilia contra Judaeos foenerante;NA;NA;Nikolaus von Osimo;100954901;(1) Supplementum Summae Pisanellae et Canones poenitentiales fratris Astensis et Consilia Alexandri de Nevo contra Judaeos foenerantes. (2) Supplementum Summae Pisanellae. Add: Alexander de Nevo: Consilia contra Judaeos foenerantes. Astesanus de Ast: Canones poenitentiales.;Astesanus de Ast;100969763;Canones poenitentiales;NA;NA;NA;NA;NA;NA;NA;NA;NA;NA;NA;NA;NA;NA;NA;NA;NA;NA;NA;NA;NA;NA;NA;NA;NA;NA;NA;NA;NA;NA;NA;M26260;in00074000;N-79;NA;992861;NA;1482-00-00;Venedig;Franciscus Renner de Heilbronn;138332290;NA;NA;NA;NA;ff. 522;4°;Latein;Sammelwerk. betrifft Wucher. gedruckt mit Astesanus de Ast (GND 100969763), Canones poenitentiales. Ausgaben von Nicolaus de Ausmo (GND 100954901), Supplementum Summae Pisanellae nur mit Astesanus de Ast (GND 100969763), Canones poenitentiales: GW M26217 + M26221 + M26225 (+ M26232 (falsch)) + M26233 (+ M26235 (falsch)) + M26236 + M26238 + M26246 + M26249 + M26252 + M26269. ohne anhängende Werke: GW M26241 (+ M26223 (wg. H 2162, falsch + M26243 (wg. H 2162, falsch) + M26278 (wg. H 2171, falsch) + M26279 (wg. H 2172, falsch));Religious;1484-00-00, vor (Todesdatum);urn:nbn:de:bvb:12-bsb00070695-9;Deutschland;München;Bayerische Staatsbibliothek (BSB);Inc.c.a. 10 m;05.04.2012;24.09.2021;http://inkunabeln.ub.uni-koeln.de/vdib-info/kleioc/in00074000;Deutschland;Köln;Universitäts- und Stadtbibliothek (USB);GBV218+a;NA;NA;NA;NA;NA;NA;NA;NA;NA
Alexander de Nevo;100954340;Consilia contra Judaeos foenerante;NA;NA;Nikolaus von Osimo;100954901;(1) Supplementum Summae Pisanellae et Canones poenitentiales fratris Astensis et Consilia Alexandri de Nevo contra Judaeos foenerantes. (2) Supplementum Summae Pisanellae. Add: Alexander de Nevo: Consilia contra Judaeos foenerantes. Astesanus de Ast: Canones poenitentiales.;Astesanus de Ast;100969763;Canones poenitentiales;NA;NA;NA;NA;NA;NA;NA;NA;NA;NA;NA;NA;NA;NA;NA;NA;NA;NA;NA;NA;NA;NA;NA;NA;NA;NA;NA;NA;NA;NA;NA;M26263;in00075000;N-81;NA;992860;NA;1483-00-00;Venedig;Franciscus Renner de Heilbronn;138332290;NA;NA;NA;NA;ff. 528;8°;Latein;Sammelwerk. betrifft Wucher. gedruckt mit Astesanus de Ast (GND 100969763), Canones poenitentiales. Ausgaben von Nicolaus de Ausmo (GND 100954901), Supplementum Summae Pisanellae nur mit Astesanus de Ast (GND 100969763), Canones poenitentiales: GW M26217 + M26221 + M26225 (+ M26232 (falsch)) + M26233 (+ M26235 (falsch)) + M26236 + M26238 + M26246 + M26249 + M26252 + M26269. ohne anhängende Werke: GW M26241 (+ M26223 (wg. H 2162, falsch + M26243 (wg. H 2162, falsch) + M26278 (wg. H 2171, falsch) + M26279 (wg. H 2172, falsch));Religious;1484-00-00, vor (Todesdatum);urn:nbn:de:bvb:12-bsb00057057-8;Deutschland;München;Bayerische Staatsbibliothek (BSB);Inc.c.a. 13 a;03.04.2011;24.09.2021;NA;NA;NA;NA;NA;NA;NA;NA;NA;NA;NA;NA;NA;NA
Alexander de Nevo;100954340;Consilia contra Judaeos foenerante;NA;NA;Nikolaus von Osimo;100954901;(1) Supplementum Summae Pisanellae et Canones poenitentiales fratris Astensis et Consilia Alexandri de Nevo contra Judaeos foenerantes. (2) Supplementum Summae Pisanellae. Add: Alexander de Nevo: Consilia contra Judaeos foenerantes. Astesanus de Ast: Canones poenitentiales.;Astesanus de Ast;100969763;Canones poenitentiales;NA;NA;NA;NA;NA;NA;NA;NA;NA;NA;NA;NA;NA;NA;NA;NA;NA;NA;NA;NA;NA;NA;NA;NA;NA;NA;NA;NA;NA;NA;NA;M26244;in00076000;N-82;NA;992859;NA;1485-03-28;Venedig;Georgius Arrivabene;128973234;Paganinus de Paganinis;1037551729;NA;NA;ff. (500);8°;Latein;Sammelwerk. betrifft Wucher. gedruckt mit Astesanus de Ast (GND 100969763), Canones poenitentiales. Ausgaben von Nicolaus de Ausmo (GND 100954901), Supplementum Summae Pisanellae nur mit Astesanus de Ast (GND 100969763), Canones poenitentiales: GW M26217 + M26221 + M26225 (+ M26232 (falsch)) + M26233 (+ M26235 (falsch)) + M26236 + M26238 + M26246 + M26249 + M26252 + M26269. ohne anhängende Werke: GW M26241 (+ M26223 (wg. H 2162, falsch + M26243 (wg. H 2162, falsch) + M26278 (wg. H 2171, falsch) + M26279 (wg. H 2172, falsch));Religious;1484-00-00, vor (Todesdatum);urn:nbn:de:bvb:12-bsb00057058-3;Deutschland;München;Bayerische Staatsbibliothek (BSB);Inc.c.a. 21;29.03.2011;24.09.2021;NA;NA;NA;NA;NA;NA;NA;NA;NA;NA;NA;NA;NA;NA
Alexander de Nevo;100954340;Consilia contra Judaeos foenerante;NA;NA;Nikolaus von Osimo;100954901;(1) Supplementum Summae Pisanellae et Canones poenitentiales fratris Astensis et Consilia Alexandri de Nevo contra Judaeos foenerantes. (2) Supplementum Summae Pisanellae. Add: Alexander de Nevo: Consilia contra Judaeos foenerantes. Astesanus de Ast: Canones poenitentiales.;Astesanus de Ast;100969763;Canones poenitentiales;NA;NA;NA;NA;NA;NA;NA;NA;NA;NA;NA;NA;NA;NA;NA;NA;NA;NA;NA;NA;NA;NA;NA;NA;NA;NA;NA;NA;NA;NA;NA;M26280;in00077000;N-83;NA;992858;NA;1485-10-27;Vercelli;Jacobinus Suigus;129072052;NA;NA;NA;NA;ff. 488;8°;Latein;Sammelwerk. betrifft Wucher. gedruckt mit Astesanus de Ast (GND 100969763), Canones poenitentiales. Ausgaben von Nicolaus de Ausmo (GND 100954901), Supplementum Summae Pisanellae nur mit Astesanus de Ast (GND 100969763), Canones poenitentiales: GW M26217 + M26221 + M26225 (+ M26232 (falsch)) + M26233 (+ M26235 (falsch)) + M26236 + M26238 + M26246 + M26249 + M26252 + M26269. ohne anhängende Werke: GW M26241 (+ M26223 (wg. H 2162, falsch + M26243 (wg. H 2162, falsch) + M26278 (wg. H 2171, falsch) + M26279 (wg. H 2172, falsch));Religious;1484-00-00, vor (Todesdatum);https://zaguan.unizar.es/record/128;Spanien;Zaragoza;Biblioteca Universitaria (BU);I-124;NA;NA;NA;NA;NA;NA;NA;NA;NA;NA;NA;NA;NA;NA;NA;NA
Christoph Franck;119674890;Defensorium fidei dialogos septem contra Judaeos, haereticos et Sarracenos continens.;(1) Defensorium fidei dialogos septem contra Judaeos, haereticos et Sarracenos continens. De salute animae. Historia ecclesiastica . (2) Defensorium fidei dialogos septem contra Judaeos, haereticos et Sarracenos continens. Add: Johannes de Turrecremata: De Salute animae. Cassiodorus [Historia ecclesiastica tripartita, Lib. V, cap. 17-18] Constantii imperatoris et Liberii pape pro defensione Athanasii dialogus.;NA;Johannes de Turrecremata;118642928;De Salute animae;Flavius ??Magnus Aurelius Cassiodorus;118519514;Constantii imperatoris et Liberii pape pro defensione Athanasii dialogus (Historia ecclesiastica tripartita, Lib. V, cap. 17-18);NA;NA;NA;NA;NA;NA;NA;NA;NA;NA;NA;NA;NA;NA;NA;NA;NA;NA;NA;NA;NA;NA;NA;NA;NA;NA;NA;NA;NA;NA;NA;8246;id00136000;D-97;NA;435213;Short Title Catalogue Netherlands, Reference: 102384053. Andrew Pettegree and Malcolm Walsby, Netherlandish Books (NB): Books published in the Low Countries and in the Dutch language abroad before 1601, Reference: 9505;1474-00-00;Utrecht;Nicolaus Ketelaer;123177871;Gerardus de Leempt;138893527;NA;NA;ff. (80);2°;Latein;Signaturen (a-k8). Sammelwerk. UB Utrecht: *Van de incunabel 'Defensorium fidei dialogos septem contra Judaeos, haereticos et Sarracenos continens' uit 1474 zijn behoorlijk wat exemplaren overgeleverd. De Incunable Short Title Catalogue (ISTC) noemt er wereldwijd zeker dertig, waarvan een tiental in Nederland. De Universiteitsbibliotheek Utrecht is met vier exemplaren bijzonder goed vertegenwoordigd, maar dat hoeft op zich geen verwondering te wekken gezien de Utrechtse herkomst en het feit dat in 1580 de plaatselijke kloosterbibliotheken geconfisceerd werden (zie de provenances van exemplaren van de incunabel in de catalogus: http://aleph.library.uu.nl/F?func=direct&doc_number=000977084). Ofschoon een exemplaar van het 'Defensorium' niet heel zeldzaam is, geldt dat in relatieve zin wel voor de tekst zelf. In geen enkel ander gedrukt werk uit de 15de eeuw komt deze tekst immers voor. De incunabel bevat verder nog de stukken van 'De Salute animae' door Johannes de Turrecremata (Juan de Torquemada, 1388-1468) en de 'Constantii imperatoris et Liberii pape pro defensione Athanasii dialogus' van Flavius Magnus Aurelius Cassiodorus (ca. 484/490-ca. 576/582). Turrecremata was een Spaans kardinaal en auteur op het terrein van de ecclesiastiek. Als vurig pleitbezorger van het pauselijk gezag komt het volgens hem superieure christelijk geloof in zijn publicaties zwaar tot uiting. Cassiodorus was tijdens zijn leven in dienst van Theodorik de Grote, koning van de Ostrogoten. Aan het hof schreef en redigeerde hij de overheidsdocumenten. Ook hield hij zich bezig met het uitdragen van ideeën over overheid, christelijk leven en Griekse cultuur. Aan het einde van zijn leven stichtte hij in Italië het klooster Vivarium, dat gewijd werd aan het kopiëren en verzamelen van christelijke kennis. In dit klooster compileerde of verzamelde hij de 'Historia Ecclesiastica Tripartita' op basis van drie afzonderlijke geschiedenissen uit de 5de eeuw: de kerkelijke historie van Socrates Scolasticus, de ecclesiastische historie van Sozomenus en de filosofisch-theologische historie van Theodorus Lector. De vertaling was van de hand van Epiphanius, een monnik die eveneens werkzaam was in Vivarium. Hoewel hun namen niet in de incunabel voorkomen, wordt de publicatie ervan op basis van de gebruikte lettertypen toegeschreven aan de Utrechtse drukkers Nicolaes Ketelaer en Gerard de Leempt. Het hier gedigitaliseerde exemplaar (MAG: E fol 207 (Rariora) dl 1) is gerubriceerd en heeft ingekleurde initialen. De incunabel zit in een oorspronkelijke kalfslerenband, afkomstig uit de binderij van het Utrechtse Regulierenklooster. Kenmerkend voor deze binderij zijn de twee stempels binnen een patroon van driedubbele filetlijnen.* (*Etliche Exemplare der Inkunabel „Defensorium fidei dialogos septem contra Judaeos, haereticos et Sarracenos continens“ aus dem Jahr 1474 sind erhalten. Der Incunable Short Title Catalog (ISTC) listet weltweit mindestens dreißig auf, zehn davon in den Niederlanden. Die Universitätsbibliothek Utrecht ist mit vier Exemplaren besonders stark vertreten, was aber angesichts der Utrechter Provenienz und der Tatsache, dass die dortigen Klosterbibliotheken 1580 beschlagnahmt wurden, nicht verwundern sollte (siehe die Provenienzen von Exemplaren der Inkunabel im Katalog : http: //aleph.library.uu.nl/F?func=direct&doc_number=000977084). Obwohl ein Exemplar des „Defensorium“ nicht sehr selten ist, gilt dies relativ gesehen auch für den Text selbst. Dieser Text erscheint in keinem anderen Druckwerk des 15. Jahrhunderts. Die Inkunabel enthält auch die Stücke von 'De Salute animae' von Johannes de Turrecremata (Juan de Torquemada, 1388-1468) und die 'Constantii imperatoris et Liberii pape pro defensione Athanasii dialogus' von Flavius ??Magnus Aurelius Cassiodorus (ca. 484/ 490) - etwa 576/582). Turrecremata war ein spanischer Kardinal und kirchlicher Autor. Als leidenschaftlicher Verfechter der päpstlichen Autorität glaubt er, dass sein überlegener christlicher Glaube in seinen Veröffentlichungen stark zum Ausdruck kommt. Cassiodorus stand zu Lebzeiten im Dienst von Theoderich dem Großen, dem König der Ostgoten. Am Hof ??schrieb und redigierte er Regierungsdokumente. Er war auch an der Verbreitung von Ideen über Regierung, christliches Leben und griechische Kultur beteiligt. Am Ende seines Lebens gründete er in Italien das Kloster Vivarium, das sich dem Kopieren und Sammeln christlichen Wissens widmete. In diesem Kloster erstellte oder sammelte er die „Historia Ecclesiastica Tripartita“ auf der Grundlage von drei getrennten Geschichten aus dem 5. Jahrhundert: der Kirchengeschichte von Socrates Scolasticus, der Kirchengeschichte von Sozomenus und der philosophisch-theologischen Geschichte von Theodorus Lector. Die Übersetzung stammt von Epiphanius, einem Mönch, der auch im Vivarium arbeitete. Obwohl ihre Namen nicht in der Inkunabel erscheinen, wird ihre Veröffentlichung aufgrund der verwendeten Schriften den Utrechter Druckern Nicolaes Ketelaer und Gerard de Leempt zugeschrieben. Das hier digitalisierte Exemplar (MAG: E fol 207 (Rariora) vol 1) ist klassifiziert und mit farbigen Initialen versehen. Die Inkunabel ist in einem Original-Kalbsledereinband aus der Buchbinderei des Utrechter Regulierenklosters. Charakteristisch für diese Buchbinderei sind die zwei Stempel innerhalb eines Musters aus dreifachen Kehllinien.*);History and Chronicles;NA;(1) https://objects.library.uu.nl/reader/index.php?obj=1874-304385&lan=en. (2) https://objects.library.uu.nl/reader/index.php?obj=1874-304487&lan=en. (3) https://objects.library.uu.nl/reader/index.php?obj=1874-304488&lan=en;Niederlande;Utrecht;Universität;(1) E fol 100 (Rariora) dl 2. (2) W fol 141 (Rariora) dl 2. (3) E fol 207 (Rariora) dl 1;NA;NA;NA;NA;NA;NA;NA;NA;NA;NA;NA;NA;NA;NA;NA;NA
Johannes Matthias Tuberinus;104366281;(1) Relatio de Simone puero tridentino (ISTC) (2) De Simone puero tridentino (GW);Relatio de Simone puero tridentino. Add: Raphael Zovenzonius: Carmen ad Gabrielem Petri, Carmen ad Johannem Hinderbachium. Johannes Hinderbachius: Epistola Raphaeli Zovenzonio.;NA;Raphael Zovenzonius;12907649X;Carmen ad Gabrielem Petri. Carmen ad Johannem Hinderbachium;Johannes Hinderbach;118915967;Epistola Raphaeli Zovenzonio;NA;NA;NA;NA;NA;NA;NA;NA;NA;NA;NA;NA;NA;NA;NA;NA;NA;NA;NA;NA;NA;NA;NA;NA;NA;NA;NA;NA;NA;NA;NA;M47715;it00484500;T-482;NA;990316;NA;1475-04-30, nach;Venedig;Gabriele di Pietro;129020818;NA;NA;NA;NA;ff. 10;4°;Latein;Signaturen (a10). betrifft den Ritualmord an Simon von Trient. Sammelwerk, daran Raphael Zovenzonius (GND 12907649X), Carmen ad Gabrielem Petri (GND 129020818?). Carmen ad Johannem Hinderbachium. Johannes Hinderbachius (GND 118915967), Epistola Raphaeli Zovenzonio. Hain 15659 (= Hain 8668);Religious;1475-03-26--1482-00-00, nach Tod des Simon von Trient und vor ca. 1482 (Todesjahr);urn:nbn:de:bvb:12-bsb00058112-0;Deutschland;München;Bayerische Staatsbibliothek (BSB);4 Inc.s.a. 1890;15.04.2011;24.09.2021;NA;NA;NA;NA;NA;NA;NA;NA;NA;NA;NA;NA;NA;NA
Giovanni Boccaccio (Verfasser);11851217X;(1) Decamerone (Auzug: V, 1 Cimone). (2) Mythica historia Cymonis;NA;B 5836;NA;NA;Varia opuscula;Ermolao Barbaro, d. J.;118657119;Orationes.;B 353;Philippus Beroaldus (Verfasser);118656589;(1) Annotationes in Galenum. (2) Declamatio ebriosi, scortatoris et aleatoris [EST: Declamatio ebriosi, scortatoris, aleatoris de vitiositate disceptantium]. (3) Declamatio philosophi, medici et oratoris [EST: Declamatio philosophi, medici, oratoris de excellentia disceptantium]. (4) Epigrammata ac ... carmina. (5) De felicitate. (6) De septem sapientium sententiis libellus [EST: Libellus, quo septem Graeciae sapientium proverbia discutiuntur]. (7) De optimo statu. (8) Opusculum de terrae motu et pestilentia. (9) Oratio proverbialis [EST: Oratio proverbiorum]. (10) Symbola Pythagorae moraliter explicata;(1) B 2060. (2) B 2082. (3) B 2097. (4) B 2105. (5) B 2109. (6) B 2114. (7) B 2119. (8) B 2124. (9) B 2131. (10) B 2139.;Lucius Caecilius Firmianus Lactantius (Verfasser);118725831;Pia nenia verbis Christi ... crucifixi.;L 69;Giasone Dal Maino (Verfasser);10037381X;Ad ... Maximilianum ... imperatorem oratio.;M 250;Francesco Petrarca (Verfasser);118593234;Paeanes beatae virginis ex poemate vernaculo in latinum conversi [EST: Vergine bella <lat.>];P 1742;Angelo Poliziano (Verfasser);118595512;Orationes.;P 3996;Angelo Poliziano (Verfasser);118595512;Orationes.;P 3996;Raimond Pérault (Beiträger);10024520X;Jodocus Badius Ascensius (Beiträger);11901808X;NA;NA;NA;NA;NA;B 2135;600404;Schreckenberg III (1994) 399-400;1513-00-00;Basel;Gregor Bartholomaeus;1037506529;NA;NA;NA;NA;ff. 162;4°;Latein;Sammelwerk, enthalten in VD16 B 2135, nach VD16 enth. Werke: 1. enth. Werk: Barbaro, Ermolao: Orationes. (VD16 B 353) 2. enth. Werk: Beroaldo, Filippo d.Ä.: Annotationes in Galenum. (VD16 B 2060) 3. enth. Werk: Beroaldo, Filippo d.Ä.: Declamatio ebriosi, scortatoris et aleatoris (EST: Declamatio ebriosi, scortatoris, aleatoris de vitiositate disceptantium). (VD16 B 2082) 4. enth. Werk: Beroaldo, Filippo d.Ä.: Declamatio philosophi, medici et oratoris (EST: Declamatio philosophi, medici, oratoris de excellentia disceptantium). (VD16 B 2097) 5. enth. Werk: Beroaldo, Filippo d.Ä.: Epigrammata ac ... carmina. (VD16 B 2105) 6. enth. Werk: Beroaldo, Filippo d.Ä.: De felicitate. (VD16 B 2109) 7. enth. Werk: Beroaldo, Filippo d.Ä.: De septem sapientium sententiis libellus (EST: Libellus, quo septem Graeciae sapientium proverbia discutiuntur). (VD16 B 2114) 8. enth. Werk: Beroaldo, Filippo d.Ä.: De optimo statu. (VD16 B 2119) 9. enth. Werk: Beroaldo, Filippo d.Ä.: Opusculum de terrae motu et pestilentia. (VD16 B 2124) 10. enth. Werk: Beroaldo, Filippo d.Ä.: Oratio proverbialis (EST: Oratio proverbiorum). (VD16 B 2131) 11. enth. Werk: Beroaldo, Filippo d.Ä.: Symbola Pythagorae moraliter explicata. (VD16 B 2139) 12. enth. Werk: Boccaccio, Giovanni: Mythicae historiae (EST: Decamerone, Ausz. <lat.>). Beteiligte Pers.: Beroaldo, Filippo d.Ä.. (VD16 B 5836) 13. enth. Werk: Lactantius, Lucius Coelius Firmianus: Pia nenia verbis Christi ... crucifixi. (VD16 L 69) 14. enth. Werk: Maino, Giasone dal: Ad ... Maximilianum ... imperatorem oratio. (VD16 M 250) 15. enth. Werk: Petrarca, Francesco: Paeanes beatae virginis ex poemate vernaculo in Lateinum conversi (EST: Vergine bella <lat.>). (VD16 P 1742) 16. enth. Werk: Poliziano, Angelo: Orationes. (VD16 P 3996);Medizinische Texte;1353-00-00;(1) urn:nbn:de:bvb:12-bsb11019079-1. (2) urn:nbn:de:bvb:12-bsb10981870-5;Deutschland;München;Bayerische Staatsbibliothek (BSB);(1) Rem.IV 372. (2) 4 A.lat.b. 537 f#Beibd.1;(1) 2017-01-26. (2) 2013-05-08;(1) 2020-09-04. (2) 2020-09-04;urn:nbn:de:bvb:12-bsb11104321-0;Deutschland;Regensburg;Staatliche Bibliothek;999/Lat.rec.736;15.05.2014;16.10.2020;urn:nbn:de:urmel-de63725a-6181-442c-900f-d6d6d34df6e81-00000002-0115;Deutschland;Jena;Universitätsbibliothek (UB);Sign. 4 Art.lib.VI,2;12.10.2012;NA
Giovanni Boccaccio (Verfasser);11851217X;(1) Decamerone (Auzug: V, 1 Cimone). (2) Mythica historia Cymonis;NA;B 5837;NA;NA;Varia opuscula;Ermolao Barbaro, d. J.;118657119;Orationes.;B 354;Philippus Beroaldus (Verfasser);118656589;(1) Annotationes in Galenum. (2) Declamatio ebriosi, scortatoris et aleatoris [EST: Declamatio ebriosi, scortatoris, aleatoris de vitiositate disceptantium]. (3) Declamatio philosophi, medici et oratoris [EST: Declamatio philosophi, medici, oratoris de excellentia disceptantium]. (4) Epigrammata ac ... carmina. (5) De felicitate. (6) De septem sapientium sententiis libellus [EST: Libellus, quo septem Graeciae sapientium proverbia discutiuntur]. (7) De optimo statu. (8) Opusculum de terrae motu et pestilentia. (9) Oratio proverbialis [EST: Oratio proverbiorum]. (10) Symbola Pythagorae moraliter explicata;(1) B 2061. (2) B 2083. (3) B 2098. (4) B 2106. (5) B 2110. (6) B 2115. (7) B 2120. (8) B 2125. (9) B 2132. (10) B 2140.;Lucius Caecilius Firmianus Lactantius (Verfasser);118725831;Pia nenia verbis Christi ... crucifixi.;L 70;Giasone Dal Maino (Verfasser);10037381X;Ad ... Maximilianum ... imperatorem oratio.;M 251;Francesco Petrarca (Verfasser);118593234;Paeanes beatae virginis ex poemate vernaculo in latinum conversi [EST: Vergine bella <lat.>];P 1744;Angelo Poliziano (Verfasser);118595512;Orationes.;P 3997;Angelo Poliziano (Verfasser);118595512;Orationes.;P 3997;Raimond Pérault (Beiträger);10024520X;Jodocus Badius Ascensius (Beiträger);11901808X;NA;NA;NA;NA;NA;B 2136;600405;Schreckenberg III (1994) 399-400;1515-00-00;Basel;Adam Petri;119784998;NA;NA;NA;NA;NA;NA;Latein;Sammelwerk, enthalten in VD16 B 2136. nach VD16 enth. Werke: 1. enth. Werk: Barbaro, Ermolao: Orationes. (VD16 B 354), 2. enth. Werk: Beroaldo, Filippo d.Ä.: Annotationes in Galenum. (VD16 B 2061), 3. enth. Werk: Beroaldo, Filippo d.Ä.: Declamatio ebriosi, scortatoris et aleatoris (EST: Declamatio ebriosi, scortatoris, aleatoris de vitiositate disceptantium). (VD16 B 2083), 4. enth. Werk: Beroaldo, Filippo d.Ä: Disputatio philosophi, medici et oratoris (EST: Declamatio philosophi, medici, oratoris de excellentia disceptantium). (VD16 B 2098), 5. enth. Werk: Beroaldo, Filippo d.Ä.: Epigrammata ac ... carmina. (VD16 B 2106), 6. enth. Werk: Beroaldo, Filippo d.Ä.: De felicitate. (VD16 B 2110), 7. enth. Werk: Beroaldo, Filippo d.Ä.: De septem sapientium sententiis libellus (EST: Libellus, quo septem Graeciae sapientium proverbia discutiuntur). (VD16 B 2115), 8. enth. Werk: Beroaldo, Filippo d.Ä.: De optimo statu. (VD16 B 2120), 9. enth. Werk: Beroaldo, Filippo d.Ä.: Opusculum de terrae motu et pestilentia. (VD16 B 2125), 10. enth. Werk: Beroaldo, Filippo d.Ä.: Oratio proverbialis (EST: Oratio proverbiorum). (VD16 B 2132), 11. enth. Werk: Beroaldo, Filippo d.Ä.: Symbola Pythagorae moraliter explicata. (VD16 B 2140), 12. enth. Werk: Boccaccio, Giovanni: Mythicae historiae (EST: Decamerone, Ausz. <lat.>). Beteiligte Pers.: Beroaldo, Filippo d.Ä.. (VD16 B 5837), 13. enth. Werk: Lactantius, Lucius Coelius Firmianus: Pia nenia verbis Christi ... crucifixi. (VD16 L 70), 14. enth. Werk: Maino, Giasone dal: Ad ... Maximilianum ... imperatorem oratio. (VD16 M 251), 15. enth. Werk: Petrarca, Francesco: Paeanes beatae virginis ex poemate vernaculo in Lateinum conversi (EST: Vergine bella <lat.>). (VD16 P 1744), 16. enth. Werk: Poliziano, Angelo: Orationes. (VD16 P 3997);Medizinische Texte;1353-00-00;(1) urn:nbn:de:bvb:12-bsb10981977-5. (2) urn:nbn:de:bvb:12-bsb10981594-7. (3) urn:nbn:de:bvb:12-bsb00007956-1. (4) urn:nbn:de:bvb:12-bsb10981831-9;Deutschland;München;Bayerische Staatsbibliothek (BSB);(1) 4 A.lat.b. 706 c#Beibd.1. (2) 4 A.lat.b. 207#Beibd.4. (3) Res/4 Ph.u. 117#Beibd.1. (4) 4 A.lat.b. 503;(1) 2013-05-08. (2) 2013-05-08. (3) 2007-06-19. (4) 2013-05-08;(1) 2020-09-04. (2) 2020-09-04. (3) 2021-09-23. (4) 2020-09-04;urn:nbn:de:bvb:12-bsb11062647-2;Deutschland;Regensburg;Staatliche Bibliothek;999/4 Hist.pol.268;08.05.2013;04.06.2021;https://doi.org/10.3931/e-rara-385;Schweiz;Basel;Universitätsbibliothek (UB);Ba Va 31:3;NA;NA
Giovanni Boccaccio (Verfasser);11851217X;(1) Decamerone (Auzug: V, 1 Cimone). (2) Mythica historia Cymonis;NA;B 5838;NA;NA;Varia opuscula;Ermolao Barbaro, d. J.;118657119;Orationes.;B 355;Philippus Beroaldus (Verfasser);118656589;(1) Annotationes in Galenum. (2) Declamatio ebriosi, scortatoris et aleatoris [EST: Declamatio ebriosi, scortatoris, aleatoris de vitiositate disceptantium]. (3) Declamatio philosophi, medici et oratoris [EST: Declamatio philosophi, medici, oratoris de excellentia disceptantium]. (4) Epigrammata ac ... carmina. (5) De felicitate. (6) De septem sapientium sententiis libellus [EST: Libellus, quo septem Graeciae sapientium proverbia discutiuntur]. (7) De optimo statu. (8) Opusculum de terrae motu et pestilentia. (9) Oratio proverbialis [EST: Oratio proverbiorum]. (10) Symbola Pythagorae moraliter explicata;(1) B 2062. (2) B 2084. (3) B 2099. (4) B 2107. (5) B 2111. (6) B 2116. (7) B 2121. (8) B 2126. (9) B 2133. (10) B 2141.;Lucius Caecilius Firmianus Lactantius (Verfasser);118725831;Pia nenia verbis Christi ... crucifixi.;L 71;Giasone Dal Maino (Verfasser);10037381X;Ad ... Maximilianum ... imperatorem oratio.;M 252;Francesco Petrarca (Verfasser);118593234;Paeanes beatae virginis ex poemate vernaculo in latinum conversi [EST: Vergine bella <lat.>];P 1746;Angelo Poliziano (Verfasser);118595512;Orationes.;P 3998;Angelo Poliziano (Verfasser);118595512;Orationes.;P 3998;Raimond Pérault (Beiträger);10024520X;Jodocus Badius Ascensius (Beiträger);11901808X;NA;NA;NA;NA;NA;B 2137;600406;Schreckenberg III (1994) 399-400;1517-00-00;Basel;Adam Petri;119784998;NA;NA;NA;NA;ff. CLXII;4°;Latein;Sammelwerk, enthalten in VD16 B 2137. nach VD16 enth. Werke: 1. enth. Werk: Barbaro, Ermolao: Orationes. (VD16 B 355), 2. enth. Werk: Beroaldo, Filippo d.Ä.: Annotationes in Galenum. (VD16 B 2062), 3. enth. Werk: Beroaldo, Filippo d.Ä.: Declamatio ebriosi, scortatoris et aleatoris (EST: Declamatio ebriosi, scortatoris, aleatoris de vitiositate disceptantium). (VD16 B 2084), 4. enth. Werk: Beroaldo, Filippo d.Ä.: Declamatio philosophi, medici et oratoris (EST: Declamatio philosophi, medici, oratoris de excellentia disceptantium). (VD16 B 2099), 5. enth. Werk: Beroaldo, Filippo d.Ä.: Epigrammata ac ... carmina. (VD16 B 2107), 6. enth. Werk: Beroaldo, Filippo d.Ä.: De felicitate. (VD16 B 2111), 7. enth. Werk: Beroaldo, Filippo d.Ä.: De septem sapientium sententiis libellus (EST: Libellus, quo septem Graeciae sapientium proverbia discutiuntur). (VD16 B 2116), 8. enth. Werk: Beroaldo, Filippo d.Ä.: De optimo statu. (VD16 B 2121), 9. enth. Werk: Beroaldo, Filippo d.Ä.: Opusculum de terrae motu et pestilentia. (VD16 B 2126), 10. enth. Werk: Beroaldo, Filippo d.Ä.: Oratio proverbialis (EST: Oratio proverbiorum). (VD16 B 2133), 11. enth. Werk: Beroaldo, Filippo d.Ä.: Symbola Pythagorae moraliter explicata. (VD16 B 2141), 12. enth. Werk: Boccaccio, Giovanni: Mythicae historiae (EST: Decamerone, Ausz. <lat.>). Beteiligte Pers.: Beroaldo, Filippo d.Ä.. (VD16 B 5838), 13. enth. Werk: Lactantius, Lucius Coelius Firmianus: Pia nenia verbis Christi ... crucifixi. (VD16 L 71), 14. enth. Werk: Maino, Giasone dal: Ad ... Maximilianum ... imperatorem oratio. (VD16 M 252), 15. enth. Werk: Petrarca, Francesco: Paeanes beatae virginis ex poemate vernaculo in Lateinum conversi (EST: Vergine bella <lat.>). (VD16 P 1746), 16. enth. Werk: Poliziano, Angelo: Orationes. (VD16 P 3998);Medizinische Texte;1353-00-00;(1) urn:nbn:de:bvb:12-bsb10981774-1. (2) urn:nbn:de:bvb:12-bsb10990143-6;Deutschland;München;Bayerische Staatsbibliothek (BSB);(1) 4 A.lat.b. 435#Beibd.2. (2) 4 Opp. 36;(1) 2013-05-08. (2) 2013-05-08;(1) 2020-09-04. (2) 2020-09-04;http://data.onb.ac.at/rep/105D9FF3;Österreich;Wien;Österreichische Nationalbibliotek;44.F.96 ALT PRUNK;NA;NA;NA;NA;NA;NA;NA;NA;NA
Giovanni Boccaccio (Verfasser);11851217X;Decamerone.;Decamerone. Add: Hieronymus Squarzaficus: Vita di Boccaccio.;NA;Hieronymus Squarzaficus;119836262;Vita di Boccaccio;NA;NA;NA;NA;NA;NA;NA;NA;NA;NA;NA;NA;NA;NA;NA;NA;NA;NA;NA;NA;NA;NA;NA;NA;NA;NA;NA;NA;NA;NA;NA;NA;NA;NA;4449;ib00728000;NA;NA;996790;Schreckenberg III (1994) 399-400;1492-06-20;Venedig;Johannes de Gregoriis;129998311;Gregorius de Gregoriis;120750678;NA;NA;ff. (144);2°;Italienisch;Signaturen (6)a8 b–y6 z4. Übersetzung ins Italienische. Hieronymus Squarzaficus: Vita di Boccaccio;Literatur;1353-00-00;http://gutenberg.beic.it/webclient/DeliveryManager?pid=3852856&custom_att_2=simple_viewer&pds_handle=;Italien;Florenz;Biblioteca nazionale centrale di Firenze, Firenze (BEIC);NA;NA;NA;NA;NA;NA;NA;NA;NA;NA;NA;NA;NA;NA;NA;NA;NA
Petrus de Riga;10095815X;Versus (= Aurora?);NA;NA;NA;NA;Horae ad usum Romanum;NA;NA;NA;NA;NA;NA;NA;NA;NA;NA;NA;NA;NA;NA;NA;NA;NA;NA;NA;NA;NA;NA;NA;NA;NA;NA;NA;NA;NA;NA;NA;NA;NA;NA;13399;ih00358500;NA;NA;435865;Schreckenberg III (1994) 151. Andrew Pettegree and Malcolm Walsby, Netherlandish Books (NB): Books published in the Low Countries and in the Dutch language abroad before 1601, Reference: 15689;1487-07-25--1487-12-17;Antwerpen;(Gerard Leeu);119198711;NA;NA;NA;NA;ff. (160);8°;Latein;Judenfeindlicher Druck?. Signaturen a-b8 ( ) a-s8. Sammelwerk.;Religious;1209-00-00, vor (Todesdatum);NA;NA;NA;NA;NA;NA;NA;NA;NA;NA;NA;NA;NA;NA;NA;NA;NA;NA;NA;NA;NA
Bernhardin von Siena;11850987X;Contemplationes;NA;NA;Bernhardin von Siena;11850987X;Alphabetum divini amoris. Add: Contemplationes;NA;NA;NA;NA;NA;NA;NA;NA;NA;NA;NA;NA;NA;NA;NA;NA;NA;NA;NA;NA;NA;NA;NA;NA;NA;NA;NA;NA;NA;NA;NA;NA;NA;NA;1565;ia00531000;NA;NA;201482;Schreckenberg III (1994) 503-504. VL I (1978) 789-793. Andrew Pettegree, Malcolm Walsby and Alexander Wilkinson, FB: French Vernacular Books, Books published in the French language before 1601, Reference: 52733;1499-09-02;Paris;Guy Marchant;138932433;in Teilen für Jean Petit;(1) 103753445X (2) 1037534433;NA;NA;ff. (36);8°;Latein;Sammelwerk. Judenfeindlicher Druck? VL: Ausgabe der lat. Werke. S. Bernardini Senensis Opera omnia, ed. PP Collegii S. Bonaventurae (Quaracchi), I-IX, 1950-65. Siehe: Hünermann, Franz Josef, Die wirtschaftsethischen Predigten des hl. Bernhardin von Siena - (Universität Münster) (1939) ( UB Frankfurt, http://resolver.hebis.de/retro/original/s6060975);(1) Religious. (2) Dictionaries;1444-05-20, vor (Todesdatum);http://gallica.bnf.fr/ark:/12148/bpt6k53649q.r=.langEN;Frankreich;Paris;Bibliothèque nationale de France (BnF);ark:/12148/bpt6k53649q;15.10.2007;NA;NA;NA;NA;NA;NA;NA;NA;NA;NA;NA;NA;NA;NA;NA
Bernhardin von Siena;11850987X;Contemplationes;NA;NA;Bernhardin von Siena;11850987X;Alphabetum divini amoris. Add: Contemplationes;Bernhard von Clairvaux;118509810;De derelictione Jesu;NA;NA;NA;NA;NA;NA;NA;NA;NA;NA;NA;NA;NA;NA;NA;NA;NA;NA;NA;NA;NA;NA;NA;NA;NA;NA;NA;NA;NA;NA;NA;(1) 1566. (2) 156920N;ia00531500;NA;NA;202014;Schreckenberg III (1994) 503-504. VL I (1978) 789-793;1500-00-00, um;Paris;Antoine Denidel;1237890829;Robert Gourmont;1171273118;Denis Roce (Verleger);1037571983;ff. 12;8°;Latein;Sammelwerk. Judenfeindlicher Druck? VL: Ausgabe der lat. Werke. S. Bernardini Senensis Opera omnia, ed. PP Collegii S. Bonaventurae (Quaracchi), I-IX, 1950-65. Siehe: Hünermann, Franz Josef, Die wirtschaftsethischen Predigten des hl. Bernhardin von Siena - (Universität Münster) (1939) ( UB Frankfurt, http://resolver.hebis.de/retro/original/s6060975);(1) Religious. (2) Wörterbücher;1444-05-20, vor (Todesdatum);http://books.google.be/books?vid=GENT900000177066;Belgien;Gent;Universität Gent;NA;08.11.2011;NA;NA;NA;NA;NA;NA;NA;NA;NA;NA;NA;NA;NA;NA;NA
Johannes Calphurnius;123089573;Mors et apotheosis Simonis infantis novi martyris.;Mors et apotheosis Simonis infantis novi martyris. Add: Raphael Zovenzonius: In Simonem martyrem carmina duo.;NA;Raphael Zovenzonius;12907649X;In Simonem martyrem carmina duo;NA;NA;NA;NA;NA;NA;NA;NA;NA;NA;NA;NA;NA;NA;NA;NA;NA;NA;NA;NA;NA;NA;NA;NA;NA;NA;NA;NA;NA;NA;NA;NA;NA;NA;6389;ic00323000;NA;NA;999664;Schreckenberg III (1994) 399-400;1481-00-00;Trient;Antoine Denidel;1237890829;Robert Gourmont;1171273118;Denis Roce (Verleger);1037571983;ff. 8;4°;Latein;betrifft den Ritualmord an Simon von Trient. Sammelwerk gedruckt mit Gaius Valerius Catullus (GND 118519719), Carmina. Tibullus (GND 11862251X), Elegiae. Propertius (GND 118596764), Elegiae. Statius (GND 118798502), Silvae. Hain 4760. Signaturen A8.;NA;1475-03-26, nach Tod des Simon von Trient;http://www.stabat.it/?q=scheda/1;Italien;Trient;Biblioteca comunale di Trento, Biblioteca Digitale Trentina;NA;NA;NA;NA;NA;NA;NA;NA;NA;NA;NA;NA;NA;NA;NA;NA;NA
Bernhardin von Siena;11850987X;Della confessione.;Della confessione. Add: Michael Durrazinus de Emporio: Sermone della regolata lingua, Sermone di mercatanzia spirituale. Tommasuccio: Visione della festa di Ognissanti, Visione come Adamo venne in terra.;NA;NA;NA;NA;Michael Durrazinus de Emporio;NA;Sermone della regolata lingua.;NA;Michael Durrazinus de Emporio;NA;Sermone di mercatanzia spirituale.;NA;Tommasuccio;1033027588;Visione della festa di Ognissanti.;NA;Tommasuccio;1033027588;Visione come Adamo venne in terra.;NA;NA;NA;NA;NA;NA;NA;NA;NA;NA;NA;NA;NA;NA;NA;NA;NA;NA;NA;3879;ib00344800;NA;NA;996957;Schreckenberg III (1994) 503-504. VL I (1978) 789-793. Schreckenberg III (1994) 503-504. VL I (1978) 789-793. Franco Mormando, Die Dämonen des Predigers: Bernardino von Siena und der soziale Untergrund der frühen Renaissance Italiens (Chicago: University of Chicago Press, 1999, Kapitel 4, “Neubewertung von Bernardinos Antisemitismus”.;1494-00-00, um;Venedig;Bernardinus Benalius?;128981180;NA;NA;NA;NA;ff. (44);4°;Italienisch;Sammelwerk, daran Michael Durrazinus de Emporio (GND ?), Sermone della regolata lingua. Sermone di mercatanzia spirituale. Tommasuccio (GND 1033027588), Visione della festa di Ognissanti. Visione come Adamo venne in terra. Judendfeindlicher Druck? VL: Ausgabe der lat. Werke. S. Bernardini Senensis Opera omnia, ed. PP Collegii S. Bonaventurae (Quaracchi), I-IX, 1950-65. Siehe: Hünermann, Franz Josef, Die wirtschaftsethischen Predigten des hl. Bernhardin von Siena - (Universität Münster) (1939) ( UB Frankfurt, http://resolver.hebis.de/retro/original/s6060975). Signaturen (ab)8 (cd)8 (ef)8 (ik)8 l4.;Religious;1444-05-20, vor (Todesdatum);http://131.175.183.1:1801/webclient/DeliveryManager?pid=3844606&custom_att_2=simple_viewer&pds_handle=;Italien;Venedig;Biblioteca Nazionale Marciana;Inc. 872, 873, 874;NA;NA;NA;NA;NA;NA;NA;NA;NA;NA;NA;NA;NA;NA;NA;NA
Bernhardin von Siena;11850987X;Vita di San Bernardino.;Vita di San Bernardino. Add: Feo Belcari: Lauda.;NA;NA;NA;NA;Feo Belcari;100432212;Lauda.;NA;NA;NA;NA;NA;NA;NA;NA;NA;NA;NA;NA;NA;NA;NA;NA;NA;NA;NA;NA;NA;NA;NA;NA;NA;NA;NA;NA;NA;NA;NA;3876;ib00343600;NA;NA;996961;Schreckenberg III (1994) 503-504. VL I (1978) 789-793. Schreckenberg III (1994) 503-504. VL I (1978) 789-793. Franco Mormando, Die Dämonen des Predigers: Bernardino von Siena und der soziale Untergrund der frühen Renaissance Italiens (Chicago: University of Chicago Press, 1999, Kapitel 4, “Neubewertung von Bernardinos Antisemitismus”.;1496-08-28, nach;Florenz;Lorenzo Morgiani;1071997122;Johannes Petri;1037553020;NA;NA;ff. 4;8°;Italienisch;Sammelwerk, daran Feo Belcari (GND 100432212), Lauda. Judendfeindlicher Druck? VL: Ausgabe der lat. Werke. S. Bernardini Senensis Opera omnia, ed. PP Collegii S. Bonaventurae (Quaracchi), I-IX, 1950-65. Siehe: Hünermann, Franz Josef, Die wirtschaftsethischen Predigten des hl. Bernhardin von Siena - (Universität Münster) (1939) ( UB Frankfurt, http://resolver.hebis.de/retro/original/s6060975). Signaturen (a4).;Religious;1444-05-20, vor (Todesdatum);http://gutenberg.beic.it/webclient/DeliveryManager?pid=438650&custom_att_2=simple_viewer&pds_handle=;Italien;Mailand;Biblioteca Trivulziana, Milano (BEIC);Inc. E 16;NA;NA;NA;NA;NA;NA;NA;NA;NA;NA;NA;NA;NA;NA;NA;NA
Bernhardin von Siena;11850987X;Quadragesimale de christiana religione.;Quadragesimale de christiana religione. Add: Guido de Marchia: Disputatio inter mundum et religionem.;NA;NA;NA;NA;Guido de Marchia;102475040;Disputatio inter mundum et religionem.;NA;NA;NA;NA;NA;NA;NA;NA;NA;NA;NA;NA;NA;NA;NA;NA;NA;NA;NA;NA;NA;NA;NA;NA;NA;NA;NA;NA;NA;NA;NA;3883;ib00347000;NA;NA;760479;Schreckenberg III (1994) 503-504. VL I (1978) 789-793. Schreckenberg III (1994) 503-504. VL I (1978) 789-793. Franco Mormando, Die Dämonen des Predigers: Bernardino von Siena und der soziale Untergrund der frühen Renaissance Italiens (Chicago: University of Chicago Press, 1999, Kapitel 4, “Neubewertung von Bernardinos Antisemitismus”.;1490-00-00, um;Lyon;Janon Carcain;1199865656;NA;NA;NA;NA;ff. (268);4°;Latein;Sammelwerk, daran Guido de Marchia (GND 102475040), Disputatio inter mundum et Religiousem. Judendfeindlicher Druck? VL: Ausgabe der lat. Werke. S. Bernardini Senensis Opera omnia, ed. PP Collegii S. Bonaventurae (Quaracchi), I-IX, 1950-65. Siehe: Hünermann, Franz Josef, Die wirtschaftsethischen Predigten des hl. Bernhardin von Siena - (Universität Münster) (1939) (UB Frankfurt, http://resolver.hebis.de/retro/original/s6060975);Religious;1444-05-20, vor (Todesdatum);http://hdl.handle.net/11656/4696;Spanien;Bilbao;Biblioteca Universitaria de Deusto;NA;NA;NA;NA;NA;NA;NA;NA;NA;NA;NA;NA;NA;NA;NA;NA;NA
Arnoldus de Tongern (Verfasser);10065844X;Responsiones ad argumenta quinquaginta.;NA;A3775;Johannes Reuchlin;118744658;Alphabeta in maledicos judaeos et thalmud articuli sive propones de judaico favore nimis suspecte. Ex libello theutonico joannis reuchlin legum doctoris <cui speculi ocularis titulus inscriptus > extracte. Cum annotationibus et improbationibus venerabilis;NA;NA;NA;NA;Arnoldus de Tongern;10065844X;Alphabeta in maledicos Judaeos et Thalmud.;A 3763;NA;NA;NA;NA;NA;NA;NA;NA;NA;NA;NA;NA;NA;NA;NA;NA;NA;NA;NA;NA;Hermann von dem Busche (Beiräger);118983741;Magdalius Jacobus (Beiräger);104223081;Ortwin Gratius (Beiräger);118697218;NA;NA;NA;R 1307;611183;NA;1512-00-00;Köln;in officina Heinrich Quentel (Erben);102359229;NA;NA;NA;NA;ff. (64);4°;Latein;Sammelwerk.;Religious;NA;(1) urn:nbn:de:bvb:12-bsb10906604-4. (2) urn:nbn:de:bvb:12-bsb00006193-9. (3) urn:nbn:de:bvb:12-bsb10992707-9;Deutschland;München;Bayerische Staatsbibliothek (BSB);(1) Res/4 P.lat. 1101. (2) Rar. 866#Beibd.3. (3) 4 Polem. 2950;(1) 2013-07-13. (2) 2007-01-23. (3) 2013-05-08;(1) 2020-12-11. (2) 2021-09-23urn:nbn:de:bvb:12-bsb10992707-9. (3) 2021-08-19;NA;NA;NA;NA;NA;NA;NA;NA;NA;NA;NA;NA;NA;NA
Arnoldus de Tongern;10065844X;Alphabeta in maledicos Judaeos et Thalmud.;NA;A 3763;Johannes Reuchlin;118744658;Alphabeta in maledicos judaeos et thalmud articuli sive propones de judaico favore nimis suspecte. Ex libello theutonico joannis reuchlin legum doctoris <cui speculi ocularis titulus inscriptus > extracte. Cum annotationibus et improbationibus venerabilis;NA;NA;NA;NA;Arnoldus de Tongern (Verfasser);10065844X;Responsiones ad argumenta quinquaginta.;A3775;NA;NA;NA;NA;NA;NA;NA;NA;NA;NA;NA;NA;NA;NA;NA;NA;NA;NA;NA;NA;Hermann von dem Busche (Beiräger);118983741;Magdalius Jacobus (Beiräger);104223081;Ortwin Gratius (Beiräger);118697218;NA;NA;NA;R 1307;611183;NA;1512-00-00;Köln;in officina Heinrich Quentel (Erben);102359229;NA;NA;NA;NA;ff. (64);4°;Latein;Sammelwerk.;Religious;NA;(1) urn:nbn:de:bvb:12-bsb10906604-4. (2) urn:nbn:de:bvb:12-bsb00006193-9. (3) urn:nbn:de:bvb:12-bsb10992707-9;Deutschland;München;Bayerische Staatsbibliothek (BSB);(1) Res/4 P.lat. 1101. (2) Rar. 866#Beibd.3. (3) 4 Polem. 2950;(1) 2013-07-13. (2) 2007-01-23. (3) 2013-05-08;(1) 2020-12-11. (2) 2021-09-23urn:nbn:de:bvb:12-bsb10992707-9. (3) 2021-08-19;NA;NA;NA;NA;NA;NA;NA;NA;NA;NA;NA;NA;NA;NA
Celsus Maffeus;121102726;Quaestio an aliqua res publica possit conducere Judaeos ad foenerandum sine peccato.;NA;NA;Celsus Maffeus;121102726;Dissuasoria ne christiani principes ecclesiasticos usurpent census. Prelim: Domitius Calderinus: Epistola ad Jacobum Card. Papiensem. Hermolaus Barbarus: Epistola ad Celsum Maffeum. Add: C. Maffeus: Quaestio an aliqua res publica possit conducere Judaeos ad foenerandum sine peccato. Epistola ad Jacobum Card. Papiensem de morte S. Sixti cardinalis episcopi. Philippus Beroaldus: Epistolion;Domitius Calderinus;100940056;Epistola ad Jacobum Card (GND 104107197).;NA;Domitius Calderinus;100940056;Papiensem;NA;Hermolaus Barbarus;118657119;Epistola ad Celsum Maffeum (GND 121102726).;NA;Celsus Maffeus;121102726;Epistola ad Jacobum Card (GND 104107197).;NA;Celsus Maffeus;121102726;Papiensem de morte S. Sixti cardinalis episcopi (GND 119443937).;NA;Philippus Beroaldus;121102726;Epistolion.;NA;NA;NA;NA;NA;NA;NA;NA;NA;NA;NA;M19776;im00015000;M-7;NA;993419;NA;1494-06-27;Bologna;Franciscus de Benedictis;1037568109;NA;NA;NA;NA;ff. (36);4°;Latein;Sammelwerk. Signaturen a-d8 e4;Religious;NA;urn:nbn:de:bvb:12-bsb00067125-1;Deutschland;München;Bayerische Staatsbibliothek (BSB);4 Inc.c.a. 1085;30.03.2012;24.09.2021;NA;NA;NA;NA;NA;NA;NA;NA;NA;NA;NA;NA;NA;NA
